timestamp, name, pci.bus_id, driver_version, pstate, temperature.gpu, utilization.gpu [%], utilization.memory [%], memory.total [MiB], memory.free [MiB], memory.used [MiB]
2021/04/12 18:34:23.633, Quadro RTX 8000, 00000000:15:00.0, 460.39, P2, 47, 30 %, 1 %, 48601 MiB, 45346 MiB, 3255 MiB
2021/04/12 18:34:23.634, Quadro RTX 8000, 00000000:2D:00.0, 460.39, P2, 64, 38 %, 10 %, 48576 MiB, 26675 MiB, 21901 MiB
2021/04/12 18:39:23.636, Quadro RTX 8000, 00000000:15:00.0, 460.39, P2, 49, 35 %, 2 %, 48601 MiB, 45346 MiB, 3255 MiB
2021/04/12 18:39:23.636, Quadro RTX 8000, 00000000:2D:00.0, 460.39, P2, 67, 29 %, 4 %, 48576 MiB, 20929 MiB, 27647 MiB
2021/04/12 18:44:23.638, Quadro RTX 8000, 00000000:15:00.0, 460.39, P2, 50, 28 %, 1 %, 48601 MiB, 45346 MiB, 3255 MiB
2021/04/12 18:44:23.639, Quadro RTX 8000, 00000000:2D:00.0, 460.39, P2, 61, 31 %, 3 %, 48576 MiB, 20929 MiB, 27647 MiB
2021/04/12 18:49:23.640, Quadro RTX 8000, 00000000:15:00.0, 460.39, P8, 44, 0 %, 0 %, 48601 MiB, 48427 MiB, 174 MiB
2021/04/12 18:49:23.640, Quadro RTX 8000, 00000000:2D:00.0, 460.39, P8, 49, 0 %, 0 %, 48576 MiB, 48054 MiB, 522 MiB
2021/04/12 18:54:23.641, Quadro RTX 8000, 00000000:15:00.0, 460.39, P8, 35, 0 %, 0 %, 48601 MiB, 48427 MiB, 174 MiB
2021/04/12 18:54:23.642, Quadro RTX 8000, 00000000:2D:00.0, 460.39, P8, 42, 0 %, 0 %, 48576 MiB, 48054 MiB, 522 MiB
2021/04/12 18:59:23.644, Quadro RTX 8000, 00000000:15:00.0, 460.39, P8, 33, 0 %, 0 %, 48601 MiB, 48427 MiB, 174 MiB
2021/04/12 18:59:23.644, Quadro RTX 8000, 00000000:2D:00.0, 460.39, P8, 40, 0 %, 0 %, 48576 MiB, 48054 MiB, 522 MiB
2021/04/12 19:04:23.645, Quadro RTX 8000, 00000000:15:00.0, 460.39, P8, 33, 0 %, 0 %, 48601 MiB, 48427 MiB, 174 MiB
2021/04/12 19:04:23.646, Quadro RTX 8000, 00000000:2D:00.0, 460.39, P8, 38, 0 %, 0 %, 48576 MiB, 48054 MiB, 522 MiB
2021/04/12 19:09:23.647, Quadro RTX 8000, 00000000:15:00.0, 460.39, P8, 33, 0 %, 0 %, 48601 MiB, 48427 MiB, 174 MiB
2021/04/12 19:09:23.648, Quadro RTX 8000, 00000000:2D:00.0, 460.39, P8, 38, 0 %, 0 %, 48576 MiB, 48054 MiB, 522 MiB
2021/04/12 19:14:23.650, Quadro RTX 8000, 00000000:15:00.0, 460.39, P8, 33, 0 %, 0 %, 48601 MiB, 48427 MiB, 174 MiB
2021/04/12 19:14:23.650, Quadro RTX 8000, 00000000:2D:00.0, 460.39, P8, 37, 0 %, 0 %, 48576 MiB, 48054 MiB, 522 MiB
2021/04/12 19:19:23.652, Quadro RTX 8000, 00000000:15:00.0, 460.39, P8, 33, 0 %, 0 %, 48601 MiB, 48427 MiB, 174 MiB
2021/04/12 19:19:23.653, Quadro RTX 8000, 00000000:2D:00.0, 460.39, P8, 37, 0 %, 0 %, 48576 MiB, 48054 MiB, 522 MiB
2021/04/12 19:24:23.654, Quadro RTX 8000, 00000000:15:00.0, 460.39, P8, 32, 0 %, 0 %, 48601 MiB, 48427 MiB, 174 MiB
2021/04/12 19:24:23.654, Quadro RTX 8000, 00000000:2D:00.0, 460.39, P8, 37, 0 %, 0 %, 48576 MiB, 48054 MiB, 522 MiB
2021/04/12 19:29:23.656, Quadro RTX 8000, 00000000:15:00.0, 460.39, P8, 32, 0 %, 0 %, 48601 MiB, 48427 MiB, 174 MiB
2021/04/12 19:29:23.656, Quadro RTX 8000, 00000000:2D:00.0, 460.39, P8, 37, 0 %, 0 %, 48576 MiB, 48054 MiB, 522 MiB
2021/04/12 19:34:23.657, Quadro RTX 8000, 00000000:15:00.0, 460.39, P8, 32, 0 %, 0 %, 48601 MiB, 48427 MiB, 174 MiB
2021/04/12 19:34:23.658, Quadro RTX 8000, 00000000:2D:00.0, 460.39, P8, 37, 0 %, 0 %, 48576 MiB, 48054 MiB, 522 MiB
2021/04/12 19:39:23.659, Quadro RTX 8000, 00000000:15:00.0, 460.39, P8, 32, 0 %, 0 %, 48601 MiB, 48427 MiB, 174 MiB
2021/04/12 19:39:23.660, Quadro RTX 8000, 00000000:2D:00.0, 460.39, P8, 37, 0 %, 0 %, 48576 MiB, 48054 MiB, 522 MiB
2021/04/12 19:44:23.661, Quadro RTX 8000, 00000000:15:00.0, 460.39, P8, 32, 0 %, 0 %, 48601 MiB, 48427 MiB, 174 MiB
2021/04/12 19:44:23.662, Quadro RTX 8000, 00000000:2D:00.0, 460.39, P8, 37, 0 %, 0 %, 48576 MiB, 48054 MiB, 522 MiB
2021/04/12 19:49:23.663, Quadro RTX 8000, 00000000:15:00.0, 460.39, P8, 32, 0 %, 0 %, 48601 MiB, 48427 MiB, 174 MiB
2021/04/12 19:49:23.664, Quadro RTX 8000, 00000000:2D:00.0, 460.39, P8, 37, 0 %, 0 %, 48576 MiB, 48054 MiB, 522 MiB
2021/04/12 19:54:23.666, Quadro RTX 8000, 00000000:15:00.0, 460.39, P8, 32, 0 %, 0 %, 48601 MiB, 48427 MiB, 174 MiB
2021/04/12 19:54:23.667, Quadro RTX 8000, 00000000:2D:00.0, 460.39, P8, 37, 0 %, 0 %, 48576 MiB, 48054 MiB, 522 MiB
2021/04/12 19:59:23.668, Quadro RTX 8000, 00000000:15:00.0, 460.39, P8, 32, 0 %, 0 %, 48601 MiB, 48427 MiB, 174 MiB
2021/04/12 19:59:23.668, Quadro RTX 8000, 00000000:2D:00.0, 460.39, P8, 37, 0 %, 0 %, 48576 MiB, 48054 MiB, 522 MiB
2021/04/12 20:04:23.670, Quadro RTX 8000, 00000000:15:00.0, 460.39, P8, 32, 0 %, 0 %, 48601 MiB, 48427 MiB, 174 MiB
2021/04/12 20:04:23.670, Quadro RTX 8000, 00000000:2D:00.0, 460.39, P8, 37, 0 %, 0 %, 48576 MiB, 48054 MiB, 522 MiB
2021/04/12 20:09:23.672, Quadro RTX 8000, 00000000:15:00.0, 460.39, P8, 32, 0 %, 0 %, 48601 MiB, 48427 MiB, 174 MiB
2021/04/12 20:09:23.672, Quadro RTX 8000, 00000000:2D:00.0, 460.39, P8, 37, 0 %, 0 %, 48576 MiB, 48054 MiB, 522 MiB
2021/04/12 20:14:23.673, Quadro RTX 8000, 00000000:15:00.0, 460.39, P8, 32, 0 %, 0 %, 48601 MiB, 48427 MiB, 174 MiB
2021/04/12 20:14:23.674, Quadro RTX 8000, 00000000:2D:00.0, 460.39, P8, 37, 0 %, 0 %, 48576 MiB, 47954 MiB, 622 MiB
2021/04/12 20:19:23.675, Quadro RTX 8000, 00000000:15:00.0, 460.39, P8, 32, 0 %, 0 %, 48601 MiB, 48427 MiB, 174 MiB
2021/04/12 20:19:23.676, Quadro RTX 8000, 00000000:2D:00.0, 460.39, P8, 37, 0 %, 0 %, 48576 MiB, 47980 MiB, 596 MiB
2021/04/12 20:24:23.677, Quadro RTX 8000, 00000000:15:00.0, 460.39, P8, 32, 0 %, 0 %, 48601 MiB, 48427 MiB, 174 MiB
2021/04/12 20:24:23.677, Quadro RTX 8000, 00000000:2D:00.0, 460.39, P8, 37, 0 %, 0 %, 48576 MiB, 48049 MiB, 527 MiB
2021/04/12 20:29:23.678, Quadro RTX 8000, 00000000:15:00.0, 460.39, P8, 32, 0 %, 0 %, 48601 MiB, 48427 MiB, 174 MiB
2021/04/12 20:29:23.679, Quadro RTX 8000, 00000000:2D:00.0, 460.39, P8, 37, 0 %, 0 %, 48576 MiB, 48054 MiB, 522 MiB
2021/04/12 20:34:23.680, Quadro RTX 8000, 00000000:15:00.0, 460.39, P8, 32, 0 %, 0 %, 48601 MiB, 48427 MiB, 174 MiB
2021/04/12 20:34:23.681, Quadro RTX 8000, 00000000:2D:00.0, 460.39, P8, 37, 0 %, 0 %, 48576 MiB, 48054 MiB, 522 MiB
2021/04/12 20:39:23.682, Quadro RTX 8000, 00000000:15:00.0, 460.39, P2, 44, 29 %, 3 %, 48601 MiB, 45694 MiB, 2907 MiB
2021/04/12 20:39:23.682, Quadro RTX 8000, 00000000:2D:00.0, 460.39, P8, 38, 0 %, 0 %, 48576 MiB, 48054 MiB, 522 MiB
2021/04/12 20:44:23.684, Quadro RTX 8000, 00000000:15:00.0, 460.39, P2, 49, 30 %, 2 %, 48601 MiB, 45694 MiB, 2907 MiB
2021/04/12 20:44:23.684, Quadro RTX 8000, 00000000:2D:00.0, 460.39, P2, 56, 31 %, 3 %, 48576 MiB, 41261 MiB, 7315 MiB
2021/04/12 20:49:23.686, Quadro RTX 8000, 00000000:15:00.0, 460.39, P8, 37, 0 %, 0 %, 48601 MiB, 48427 MiB, 174 MiB
2021/04/12 20:49:23.686, Quadro RTX 8000, 00000000:2D:00.0, 460.39, P2, 62, 38 %, 4 %, 48576 MiB, 41261 MiB, 7315 MiB
2021/04/12 20:54:23.687, Quadro RTX 8000, 00000000:15:00.0, 460.39, P2, 40, 26 %, 5 %, 48601 MiB, 45182 MiB, 3419 MiB
2021/04/12 20:54:23.688, Quadro RTX 8000, 00000000:2D:00.0, 460.39, P8, 49, 0 %, 0 %, 48576 MiB, 48054 MiB, 522 MiB
2021/04/12 20:59:23.689, Quadro RTX 8000, 00000000:15:00.0, 460.39, P2, 48, 35 %, 2 %, 48601 MiB, 45156 MiB, 3445 MiB
2021/04/12 20:59:23.690, Quadro RTX 8000, 00000000:2D:00.0, 460.39, P2, 60, 30 %, 3 %, 48576 MiB, 41457 MiB, 7119 MiB
2021/04/12 21:04:23.692, Quadro RTX 8000, 00000000:15:00.0, 460.39, P2, 50, 24 %, 0 %, 48601 MiB, 45156 MiB, 3445 MiB
2021/04/12 21:04:23.693, Quadro RTX 8000, 00000000:2D:00.0, 460.39, P2, 64, 31 %, 2 %, 48576 MiB, 41457 MiB, 7119 MiB
2021/04/12 21:09:23.694, Quadro RTX 8000, 00000000:15:00.0, 460.39, P2, 52, 35 %, 6 %, 48601 MiB, 43866 MiB, 4735 MiB
2021/04/12 21:09:23.695, Quadro RTX 8000, 00000000:2D:00.0, 460.39, P2, 62, 34 %, 5 %, 48576 MiB, 41533 MiB, 7043 MiB
2021/04/12 21:14:23.696, Quadro RTX 8000, 00000000:15:00.0, 460.39, P2, 58, 20 %, 3 %, 48601 MiB, 43862 MiB, 4739 MiB
2021/04/12 21:14:23.697, Quadro RTX 8000, 00000000:2D:00.0, 460.39, P2, 64, 5 %, 0 %, 48576 MiB, 41533 MiB, 7043 MiB
2021/04/12 21:19:23.698, Quadro RTX 8000, 00000000:15:00.0, 460.39, P2, 60, 18 %, 0 %, 48601 MiB, 43862 MiB, 4739 MiB
2021/04/12 21:19:23.698, Quadro RTX 8000, 00000000:2D:00.0, 460.39, P2, 65, 31 %, 3 %, 48576 MiB, 41479 MiB, 7097 MiB
2021/04/12 21:24:23.699, Quadro RTX 8000, 00000000:15:00.0, 460.39, P2, 59, 20 %, 2 %, 48601 MiB, 43862 MiB, 4739 MiB
2021/04/12 21:24:23.700, Quadro RTX 8000, 00000000:2D:00.0, 460.39, P8, 48, 0 %, 0 %, 48576 MiB, 48054 MiB, 522 MiB
2021/04/12 21:29:23.701, Quadro RTX 8000, 00000000:15:00.0, 460.39, P2, 60, 34 %, 5 %, 48601 MiB, 43862 MiB, 4739 MiB
2021/04/12 21:29:23.702, Quadro RTX 8000, 00000000:2D:00.0, 460.39, P8, 45, 0 %, 0 %, 48576 MiB, 48054 MiB, 522 MiB
2021/04/12 21:34:23.704, Quadro RTX 8000, 00000000:15:00.0, 460.39, P8, 38, 0 %, 0 %, 48601 MiB, 48427 MiB, 174 MiB
2021/04/12 21:34:23.704, Quadro RTX 8000, 00000000:2D:00.0, 460.39, P8, 43, 0 %, 0 %, 48576 MiB, 48054 MiB, 522 MiB
2021/04/12 21:39:23.705, Quadro RTX 8000, 00000000:15:00.0, 460.39, P2, 36, 0 %, 0 %, 48601 MiB, 45858 MiB, 2743 MiB
2021/04/12 21:39:23.706, Quadro RTX 8000, 00000000:2D:00.0, 460.39, P8, 40, 0 %, 0 %, 48576 MiB, 48054 MiB, 522 MiB
2021/04/12 21:44:23.707, Quadro RTX 8000, 00000000:15:00.0, 460.39, P8, 34, 0 %, 0 %, 48601 MiB, 48427 MiB, 174 MiB
2021/04/12 21:44:23.708, Quadro RTX 8000, 00000000:2D:00.0, 460.39, P8, 39, 0 %, 0 %, 48576 MiB, 48054 MiB, 522 MiB
2021/04/12 21:49:23.709, Quadro RTX 8000, 00000000:15:00.0, 460.39, P8, 34, 0 %, 0 %, 48601 MiB, 48427 MiB, 174 MiB
2021/04/12 21:49:23.710, Quadro RTX 8000, 00000000:2D:00.0, 460.39, P8, 38, 0 %, 0 %, 48576 MiB, 48054 MiB, 522 MiB
2021/04/12 21:54:23.710, Quadro RTX 8000, 00000000:15:00.0, 460.39, P8, 33, 0 %, 0 %, 48601 MiB, 48427 MiB, 174 MiB
2021/04/12 21:54:23.711, Quadro RTX 8000, 00000000:2D:00.0, 460.39, P8, 38, 0 %, 0 %, 48576 MiB, 48054 MiB, 522 MiB
2021/04/12 21:59:23.712, Quadro RTX 8000, 00000000:15:00.0, 460.39, P8, 33, 0 %, 0 %, 48601 MiB, 48427 MiB, 174 MiB
2021/04/12 21:59:23.713, Quadro RTX 8000, 00000000:2D:00.0, 460.39, P8, 38, 0 %, 0 %, 48576 MiB, 48054 MiB, 522 MiB
2021/04/12 22:04:23.714, Quadro RTX 8000, 00000000:15:00.0, 460.39, P8, 33, 0 %, 0 %, 48601 MiB, 48427 MiB, 174 MiB
2021/04/12 22:04:23.714, Quadro RTX 8000, 00000000:2D:00.0, 460.39, P8, 37, 0 %, 0 %, 48576 MiB, 48054 MiB, 522 MiB
2021/04/12 22:09:23.716, Quadro RTX 8000, 00000000:15:00.0, 460.39, P8, 33, 0 %, 0 %, 48601 MiB, 48427 MiB, 174 MiB
2021/04/12 22:09:23.716, Quadro RTX 8000, 00000000:2D:00.0, 460.39, P8, 37, 0 %, 0 %, 48576 MiB, 48054 MiB, 522 MiB
2021/04/12 22:14:23.717, Quadro RTX 8000, 00000000:15:00.0, 460.39, P8, 33, 0 %, 0 %, 48601 MiB, 48427 MiB, 174 MiB
2021/04/12 22:14:23.718, Quadro RTX 8000, 00000000:2D:00.0, 460.39, P8, 37, 0 %, 0 %, 48576 MiB, 48054 MiB, 522 MiB
2021/04/12 22:19:23.719, Quadro RTX 8000, 00000000:15:00.0, 460.39, P8, 32, 0 %, 0 %, 48601 MiB, 48427 MiB, 174 MiB
2021/04/12 22:19:23.720, Quadro RTX 8000, 00000000:2D:00.0, 460.39, P8, 37, 0 %, 0 %, 48576 MiB, 48054 MiB, 522 MiB
2021/04/12 22:24:23.722, Quadro RTX 8000, 00000000:15:00.0, 460.39, P8, 32, 0 %, 0 %, 48601 MiB, 48427 MiB, 174 MiB
2021/04/12 22:24:23.722, Quadro RTX 8000, 00000000:2D:00.0, 460.39, P8, 37, 0 %, 0 %, 48576 MiB, 48054 MiB, 522 MiB
2021/04/12 22:29:23.724, Quadro RTX 8000, 00000000:15:00.0, 460.39, P8, 33, 0 %, 0 %, 48601 MiB, 48427 MiB, 174 MiB
2021/04/12 22:29:23.725, Quadro RTX 8000, 00000000:2D:00.0, 460.39, P8, 37, 0 %, 0 %, 48576 MiB, 48054 MiB, 522 MiB
2021/04/12 22:34:23.726, Quadro RTX 8000, 00000000:15:00.0, 460.39, P8, 36, 0 %, 0 %, 48601 MiB, 48427 MiB, 174 MiB
2021/04/12 22:34:23.727, Quadro RTX 8000, 00000000:2D:00.0, 460.39, P8, 38, 0 %, 0 %, 48576 MiB, 48054 MiB, 522 MiB
2021/04/12 22:39:23.728, Quadro RTX 8000, 00000000:15:00.0, 460.39, P2, 35, 0 %, 0 %, 48601 MiB, 45878 MiB, 2723 MiB
2021/04/12 22:39:23.729, Quadro RTX 8000, 00000000:2D:00.0, 460.39, P8, 38, 0 %, 0 %, 48576 MiB, 48054 MiB, 522 MiB
2021/04/12 22:44:23.730, Quadro RTX 8000, 00000000:15:00.0, 460.39, P2, 46, 20 %, 0 %, 48601 MiB, 45208 MiB, 3393 MiB
2021/04/12 22:44:23.731, Quadro RTX 8000, 00000000:2D:00.0, 460.39, P8, 39, 0 %, 0 %, 48576 MiB, 48054 MiB, 522 MiB
2021/04/12 22:49:23.733, Quadro RTX 8000, 00000000:15:00.0, 460.39, P2, 48, 20 %, 1 %, 48601 MiB, 45208 MiB, 3393 MiB
2021/04/12 22:49:23.735, Quadro RTX 8000, 00000000:2D:00.0, 460.39, P8, 40, 0 %, 0 %, 48576 MiB, 48054 MiB, 522 MiB
2021/04/12 22:54:23.736, Quadro RTX 8000, 00000000:15:00.0, 460.39, P2, 49, 24 %, 2 %, 48601 MiB, 45208 MiB, 3393 MiB
2021/04/12 22:54:23.736, Quadro RTX 8000, 00000000:2D:00.0, 460.39, P8, 41, 0 %, 0 %, 48576 MiB, 48054 MiB, 522 MiB
2021/04/12 22:59:23.737, Quadro RTX 8000, 00000000:15:00.0, 460.39, P2, 50, 29 %, 3 %, 48601 MiB, 45006 MiB, 3595 MiB
2021/04/12 22:59:23.738, Quadro RTX 8000, 00000000:2D:00.0, 460.39, P8, 43, 0 %, 0 %, 48576 MiB, 45263 MiB, 3313 MiB
2021/04/12 23:04:23.739, Quadro RTX 8000, 00000000:15:00.0, 460.39, P2, 50, 27 %, 2 %, 48601 MiB, 45006 MiB, 3595 MiB
2021/04/12 23:04:23.740, Quadro RTX 8000, 00000000:2D:00.0, 460.39, P8, 42, 0 %, 0 %, 48576 MiB, 43903 MiB, 4673 MiB
2021/04/12 23:09:23.741, Quadro RTX 8000, 00000000:15:00.0, 460.39, P2, 67, 39 %, 14 %, 48601 MiB, 41752 MiB, 6849 MiB
2021/04/12 23:09:23.741, Quadro RTX 8000, 00000000:2D:00.0, 460.39, P2, 68, 42 %, 15 %, 48576 MiB, 25337 MiB, 23239 MiB
2021/04/12 23:14:23.742, Quadro RTX 8000, 00000000:15:00.0, 460.39, P2, 54, 0 %, 0 %, 48601 MiB, 41196 MiB, 7405 MiB
2021/04/12 23:14:23.743, Quadro RTX 8000, 00000000:2D:00.0, 460.39, P2, 68, 32 %, 3 %, 48576 MiB, 25169 MiB, 23407 MiB
2021/04/12 23:19:23.745, Quadro RTX 8000, 00000000:15:00.0, 460.39, P2, 53, 0 %, 0 %, 48601 MiB, 41196 MiB, 7405 MiB
2021/04/12 23:19:23.746, Quadro RTX 8000, 00000000:2D:00.0, 460.39, P2, 62, 34 %, 0 %, 48576 MiB, 25169 MiB, 23407 MiB
2021/04/12 23:24:23.746, Quadro RTX 8000, 00000000:15:00.0, 460.39, P8, 36, 0 %, 0 %, 48601 MiB, 48427 MiB, 174 MiB
2021/04/12 23:24:23.747, Quadro RTX 8000, 00000000:2D:00.0, 460.39, P2, 64, 32 %, 6 %, 48576 MiB, 25009 MiB, 23567 MiB
2021/04/12 23:29:23.748, Quadro RTX 8000, 00000000:15:00.0, 460.39, P8, 34, 0 %, 0 %, 48601 MiB, 48427 MiB, 174 MiB
2021/04/12 23:29:23.749, Quadro RTX 8000, 00000000:2D:00.0, 460.39, P2, 61, 32 %, 4 %, 48576 MiB, 25009 MiB, 23567 MiB
2021/04/12 23:34:23.750, Quadro RTX 8000, 00000000:15:00.0, 460.39, P8, 34, 0 %, 0 %, 48601 MiB, 48427 MiB, 174 MiB
2021/04/12 23:34:23.751, Quadro RTX 8000, 00000000:2D:00.0, 460.39, P8, 47, 0 %, 0 %, 48576 MiB, 48054 MiB, 522 MiB
2021/04/12 23:39:23.752, Quadro RTX 8000, 00000000:15:00.0, 460.39, P8, 33, 0 %, 0 %, 48601 MiB, 48427 MiB, 174 MiB
2021/04/12 23:39:23.753, Quadro RTX 8000, 00000000:2D:00.0, 460.39, P8, 40, 0 %, 0 %, 48576 MiB, 48054 MiB, 522 MiB
2021/04/12 23:44:23.754, Quadro RTX 8000, 00000000:15:00.0, 460.39, P8, 33, 0 %, 0 %, 48601 MiB, 48427 MiB, 174 MiB
2021/04/12 23:44:23.755, Quadro RTX 8000, 00000000:2D:00.0, 460.39, P8, 39, 0 %, 0 %, 48576 MiB, 48054 MiB, 522 MiB
2021/04/12 23:49:23.756, Quadro RTX 8000, 00000000:15:00.0, 460.39, P8, 33, 0 %, 0 %, 48601 MiB, 48427 MiB, 174 MiB
2021/04/12 23:49:23.757, Quadro RTX 8000, 00000000:2D:00.0, 460.39, P8, 38, 0 %, 0 %, 48576 MiB, 48054 MiB, 522 MiB
2021/04/12 23:54:23.758, Quadro RTX 8000, 00000000:15:00.0, 460.39, P8, 33, 0 %, 0 %, 48601 MiB, 48427 MiB, 174 MiB
2021/04/12 23:54:23.759, Quadro RTX 8000, 00000000:2D:00.0, 460.39, P8, 37, 0 %, 0 %, 48576 MiB, 48054 MiB, 522 MiB
2021/04/12 23:59:23.760, Quadro RTX 8000, 00000000:15:00.0, 460.39, P8, 32, 0 %, 0 %, 48601 MiB, 48427 MiB, 174 MiB
2021/04/12 23:59:23.760, Quadro RTX 8000, 00000000:2D:00.0, 460.39, P8, 37, 0 %, 0 %, 48576 MiB, 48054 MiB, 522 MiB
2021/04/13 00:04:23.762, Quadro RTX 8000, 00000000:15:00.0, 460.39, P8, 32, 0 %, 0 %, 48601 MiB, 48427 MiB, 174 MiB
2021/04/13 00:04:23.762, Quadro RTX 8000, 00000000:2D:00.0, 460.39, P8, 37, 0 %, 0 %, 48576 MiB, 48054 MiB, 522 MiB
2021/04/13 00:09:23.763, Quadro RTX 8000, 00000000:15:00.0, 460.39, P8, 32, 0 %, 0 %, 48601 MiB, 48427 MiB, 174 MiB
2021/04/13 00:09:23.764, Quadro RTX 8000, 00000000:2D:00.0, 460.39, P8, 37, 0 %, 0 %, 48576 MiB, 48054 MiB, 522 MiB
2021/04/13 00:14:23.765, Quadro RTX 8000, 00000000:15:00.0, 460.39, P8, 32, 0 %, 0 %, 48601 MiB, 48427 MiB, 174 MiB
2021/04/13 00:14:23.766, Quadro RTX 8000, 00000000:2D:00.0, 460.39, P8, 37, 0 %, 0 %, 48576 MiB, 48054 MiB, 522 MiB
2021/04/13 00:19:23.767, Quadro RTX 8000, 00000000:15:00.0, 460.39, P8, 32, 0 %, 0 %, 48601 MiB, 48427 MiB, 174 MiB
2021/04/13 00:19:23.767, Quadro RTX 8000, 00000000:2D:00.0, 460.39, P8, 37, 0 %, 0 %, 48576 MiB, 48054 MiB, 522 MiB
2021/04/13 00:24:23.768, Quadro RTX 8000, 00000000:15:00.0, 460.39, P8, 32, 0 %, 0 %, 48601 MiB, 48427 MiB, 174 MiB
2021/04/13 00:24:23.769, Quadro RTX 8000, 00000000:2D:00.0, 460.39, P8, 37, 0 %, 0 %, 48576 MiB, 48054 MiB, 522 MiB
2021/04/13 00:29:23.770, Quadro RTX 8000, 00000000:15:00.0, 460.39, P8, 32, 0 %, 0 %, 48601 MiB, 48427 MiB, 174 MiB
2021/04/13 00:29:23.771, Quadro RTX 8000, 00000000:2D:00.0, 460.39, P8, 37, 0 %, 0 %, 48576 MiB, 48054 MiB, 522 MiB
2021/04/13 00:34:23.771, Quadro RTX 8000, 00000000:15:00.0, 460.39, P8, 32, 0 %, 0 %, 48601 MiB, 48427 MiB, 174 MiB
2021/04/13 00:34:23.772, Quadro RTX 8000, 00000000:2D:00.0, 460.39, P8, 37, 0 %, 0 %, 48576 MiB, 48054 MiB, 522 MiB
2021/04/13 00:39:23.773, Quadro RTX 8000, 00000000:15:00.0, 460.39, P8, 32, 0 %, 0 %, 48601 MiB, 48427 MiB, 174 MiB
2021/04/13 00:39:23.774, Quadro RTX 8000, 00000000:2D:00.0, 460.39, P8, 37, 0 %, 0 %, 48576 MiB, 48054 MiB, 522 MiB
2021/04/13 00:44:23.776, Quadro RTX 8000, 00000000:15:00.0, 460.39, P8, 32, 0 %, 0 %, 48601 MiB, 48427 MiB, 174 MiB
2021/04/13 00:44:23.776, Quadro RTX 8000, 00000000:2D:00.0, 460.39, P8, 37, 0 %, 0 %, 48576 MiB, 48054 MiB, 522 MiB
2021/04/13 00:49:23.778, Quadro RTX 8000, 00000000:15:00.0, 460.39, P8, 32, 0 %, 0 %, 48601 MiB, 48427 MiB, 174 MiB
2021/04/13 00:49:23.778, Quadro RTX 8000, 00000000:2D:00.0, 460.39, P8, 37, 0 %, 0 %, 48576 MiB, 48054 MiB, 522 MiB
2021/04/13 00:54:23.780, Quadro RTX 8000, 00000000:15:00.0, 460.39, P8, 32, 0 %, 0 %, 48601 MiB, 48427 MiB, 174 MiB
2021/04/13 00:54:23.780, Quadro RTX 8000, 00000000:2D:00.0, 460.39, P8, 37, 0 %, 0 %, 48576 MiB, 48054 MiB, 522 MiB
2021/04/13 00:59:23.782, Quadro RTX 8000, 00000000:15:00.0, 460.39, P8, 32, 0 %, 0 %, 48601 MiB, 48427 MiB, 174 MiB
2021/04/13 00:59:23.783, Quadro RTX 8000, 00000000:2D:00.0, 460.39, P8, 37, 0 %, 0 %, 48576 MiB, 48054 MiB, 522 MiB
2021/04/13 01:04:23.784, Quadro RTX 8000, 00000000:15:00.0, 460.39, P8, 32, 0 %, 0 %, 48601 MiB, 48427 MiB, 174 MiB
2021/04/13 01:04:23.785, Quadro RTX 8000, 00000000:2D:00.0, 460.39, P8, 36, 0 %, 0 %, 48576 MiB, 48054 MiB, 522 MiB
2021/04/13 01:09:23.786, Quadro RTX 8000, 00000000:15:00.0, 460.39, P8, 32, 0 %, 0 %, 48601 MiB, 48427 MiB, 174 MiB
2021/04/13 01:09:23.787, Quadro RTX 8000, 00000000:2D:00.0, 460.39, P8, 37, 0 %, 0 %, 48576 MiB, 48054 MiB, 522 MiB
2021/04/13 01:14:23.788, Quadro RTX 8000, 00000000:15:00.0, 460.39, P8, 32, 0 %, 0 %, 48601 MiB, 48427 MiB, 174 MiB
2021/04/13 01:14:23.788, Quadro RTX 8000, 00000000:2D:00.0, 460.39, P8, 37, 0 %, 0 %, 48576 MiB, 48054 MiB, 522 MiB
2021/04/13 01:19:23.789, Quadro RTX 8000, 00000000:15:00.0, 460.39, P8, 32, 0 %, 0 %, 48601 MiB, 48427 MiB, 174 MiB
2021/04/13 01:19:23.790, Quadro RTX 8000, 00000000:2D:00.0, 460.39, P8, 37, 0 %, 0 %, 48576 MiB, 48054 MiB, 522 MiB
2021/04/13 01:24:23.791, Quadro RTX 8000, 00000000:15:00.0, 460.39, P8, 32, 0 %, 0 %, 48601 MiB, 48427 MiB, 174 MiB
2021/04/13 01:24:23.792, Quadro RTX 8000, 00000000:2D:00.0, 460.39, P8, 37, 0 %, 0 %, 48576 MiB, 48054 MiB, 522 MiB
2021/04/13 01:29:23.793, Quadro RTX 8000, 00000000:15:00.0, 460.39, P8, 32, 0 %, 0 %, 48601 MiB, 48427 MiB, 174 MiB
2021/04/13 01:29:23.794, Quadro RTX 8000, 00000000:2D:00.0, 460.39, P8, 37, 0 %, 0 %, 48576 MiB, 48054 MiB, 522 MiB
2021/04/13 01:34:23.795, Quadro RTX 8000, 00000000:15:00.0, 460.39, P8, 32, 0 %, 0 %, 48601 MiB, 48427 MiB, 174 MiB
2021/04/13 01:34:23.796, Quadro RTX 8000, 00000000:2D:00.0, 460.39, P8, 36, 0 %, 0 %, 48576 MiB, 48054 MiB, 522 MiB
2021/04/13 01:39:23.797, Quadro RTX 8000, 00000000:15:00.0, 460.39, P8, 32, 0 %, 0 %, 48601 MiB, 48427 MiB, 174 MiB
2021/04/13 01:39:23.798, Quadro RTX 8000, 00000000:2D:00.0, 460.39, P8, 36, 0 %, 0 %, 48576 MiB, 48054 MiB, 522 MiB
2021/04/13 01:44:23.799, Quadro RTX 8000, 00000000:15:00.0, 460.39, P8, 32, 0 %, 0 %, 48601 MiB, 48427 MiB, 174 MiB
2021/04/13 01:44:23.800, Quadro RTX 8000, 00000000:2D:00.0, 460.39, P8, 36, 0 %, 0 %, 48576 MiB, 48054 MiB, 522 MiB
2021/04/13 01:49:23.801, Quadro RTX 8000, 00000000:15:00.0, 460.39, P8, 32, 0 %, 0 %, 48601 MiB, 48427 MiB, 174 MiB
2021/04/13 01:49:23.801, Quadro RTX 8000, 00000000:2D:00.0, 460.39, P8, 36, 0 %, 0 %, 48576 MiB, 48054 MiB, 522 MiB
2021/04/13 01:54:23.803, Quadro RTX 8000, 00000000:15:00.0, 460.39, P8, 32, 0 %, 0 %, 48601 MiB, 48427 MiB, 174 MiB
2021/04/13 01:54:23.804, Quadro RTX 8000, 00000000:2D:00.0, 460.39, P8, 36, 0 %, 0 %, 48576 MiB, 48054 MiB, 522 MiB
2021/04/13 01:59:23.805, Quadro RTX 8000, 00000000:15:00.0, 460.39, P8, 32, 0 %, 0 %, 48601 MiB, 48427 MiB, 174 MiB
2021/04/13 01:59:23.806, Quadro RTX 8000, 00000000:2D:00.0, 460.39, P8, 36, 0 %, 0 %, 48576 MiB, 48054 MiB, 522 MiB
2021/04/13 02:04:23.807, Quadro RTX 8000, 00000000:15:00.0, 460.39, P8, 32, 0 %, 0 %, 48601 MiB, 48427 MiB, 174 MiB
2021/04/13 02:04:23.808, Quadro RTX 8000, 00000000:2D:00.0, 460.39, P8, 36, 0 %, 0 %, 48576 MiB, 48054 MiB, 522 MiB
2021/04/13 02:09:23.809, Quadro RTX 8000, 00000000:15:00.0, 460.39, P8, 32, 0 %, 0 %, 48601 MiB, 48427 MiB, 174 MiB
2021/04/13 02:09:23.810, Quadro RTX 8000, 00000000:2D:00.0, 460.39, P8, 36, 0 %, 0 %, 48576 MiB, 48054 MiB, 522 MiB
2021/04/13 02:14:23.811, Quadro RTX 8000, 00000000:15:00.0, 460.39, P8, 32, 0 %, 0 %, 48601 MiB, 48427 MiB, 174 MiB
2021/04/13 02:14:23.812, Quadro RTX 8000, 00000000:2D:00.0, 460.39, P8, 36, 0 %, 0 %, 48576 MiB, 48054 MiB, 522 MiB
2021/04/13 02:19:23.813, Quadro RTX 8000, 00000000:15:00.0, 460.39, P8, 32, 0 %, 0 %, 48601 MiB, 48427 MiB, 174 MiB
2021/04/13 02:19:23.814, Quadro RTX 8000, 00000000:2D:00.0, 460.39, P8, 36, 0 %, 0 %, 48576 MiB, 48054 MiB, 522 MiB
2021/04/13 02:24:23.816, Quadro RTX 8000, 00000000:15:00.0, 460.39, P8, 32, 0 %, 0 %, 48601 MiB, 48427 MiB, 174 MiB
2021/04/13 02:24:23.816, Quadro RTX 8000, 00000000:2D:00.0, 460.39, P8, 36, 0 %, 0 %, 48576 MiB, 48054 MiB, 522 MiB
2021/04/13 02:29:23.817, Quadro RTX 8000, 00000000:15:00.0, 460.39, P8, 32, 0 %, 0 %, 48601 MiB, 48427 MiB, 174 MiB
2021/04/13 02:29:23.818, Quadro RTX 8000, 00000000:2D:00.0, 460.39, P8, 36, 0 %, 0 %, 48576 MiB, 48054 MiB, 522 MiB
2021/04/13 02:34:23.819, Quadro RTX 8000, 00000000:15:00.0, 460.39, P8, 32, 0 %, 0 %, 48601 MiB, 48427 MiB, 174 MiB
2021/04/13 02:34:23.820, Quadro RTX 8000, 00000000:2D:00.0, 460.39, P8, 36, 0 %, 0 %, 48576 MiB, 48054 MiB, 522 MiB
2021/04/13 02:39:23.821, Quadro RTX 8000, 00000000:15:00.0, 460.39, P8, 32, 0 %, 0 %, 48601 MiB, 48427 MiB, 174 MiB
2021/04/13 02:39:23.822, Quadro RTX 8000, 00000000:2D:00.0, 460.39, P8, 36, 0 %, 0 %, 48576 MiB, 48054 MiB, 522 MiB
2021/04/13 02:44:23.823, Quadro RTX 8000, 00000000:15:00.0, 460.39, P8, 32, 0 %, 0 %, 48601 MiB, 48427 MiB, 174 MiB
2021/04/13 02:44:23.823, Quadro RTX 8000, 00000000:2D:00.0, 460.39, P8, 36, 0 %, 0 %, 48576 MiB, 48054 MiB, 522 MiB
2021/04/13 02:49:23.824, Quadro RTX 8000, 00000000:15:00.0, 460.39, P8, 32, 0 %, 0 %, 48601 MiB, 48427 MiB, 174 MiB
2021/04/13 02:49:23.825, Quadro RTX 8000, 00000000:2D:00.0, 460.39, P8, 36, 0 %, 0 %, 48576 MiB, 48054 MiB, 522 MiB
2021/04/13 02:54:23.826, Quadro RTX 8000, 00000000:15:00.0, 460.39, P8, 32, 0 %, 0 %, 48601 MiB, 48427 MiB, 174 MiB
2021/04/13 02:54:23.826, Quadro RTX 8000, 00000000:2D:00.0, 460.39, P8, 36, 0 %, 0 %, 48576 MiB, 48054 MiB, 522 MiB
2021/04/13 02:59:23.827, Quadro RTX 8000, 00000000:15:00.0, 460.39, P8, 32, 0 %, 0 %, 48601 MiB, 48427 MiB, 174 MiB
2021/04/13 02:59:23.828, Quadro RTX 8000, 00000000:2D:00.0, 460.39, P8, 36, 0 %, 0 %, 48576 MiB, 48054 MiB, 522 MiB
2021/04/13 03:04:23.829, Quadro RTX 8000, 00000000:15:00.0, 460.39, P8, 32, 0 %, 0 %, 48601 MiB, 48427 MiB, 174 MiB
2021/04/13 03:04:23.830, Quadro RTX 8000, 00000000:2D:00.0, 460.39, P8, 36, 0 %, 0 %, 48576 MiB, 48054 MiB, 522 MiB
2021/04/13 03:09:23.831, Quadro RTX 8000, 00000000:15:00.0, 460.39, P8, 32, 0 %, 0 %, 48601 MiB, 48427 MiB, 174 MiB
2021/04/13 03:09:23.832, Quadro RTX 8000, 00000000:2D:00.0, 460.39, P8, 36, 0 %, 0 %, 48576 MiB, 48054 MiB, 522 MiB
2021/04/13 03:14:23.833, Quadro RTX 8000, 00000000:15:00.0, 460.39, P8, 32, 0 %, 0 %, 48601 MiB, 48427 MiB, 174 MiB
2021/04/13 03:14:23.833, Quadro RTX 8000, 00000000:2D:00.0, 460.39, P8, 36, 0 %, 0 %, 48576 MiB, 48054 MiB, 522 MiB
2021/04/13 03:19:23.835, Quadro RTX 8000, 00000000:15:00.0, 460.39, P8, 32, 0 %, 0 %, 48601 MiB, 48427 MiB, 174 MiB
2021/04/13 03:19:23.835, Quadro RTX 8000, 00000000:2D:00.0, 460.39, P8, 36, 0 %, 0 %, 48576 MiB, 48054 MiB, 522 MiB
2021/04/13 03:24:23.836, Quadro RTX 8000, 00000000:15:00.0, 460.39, P8, 32, 0 %, 0 %, 48601 MiB, 48427 MiB, 174 MiB
2021/04/13 03:24:23.837, Quadro RTX 8000, 00000000:2D:00.0, 460.39, P8, 36, 0 %, 0 %, 48576 MiB, 48054 MiB, 522 MiB
2021/04/13 03:29:23.838, Quadro RTX 8000, 00000000:15:00.0, 460.39, P8, 32, 0 %, 0 %, 48601 MiB, 48427 MiB, 174 MiB
2021/04/13 03:29:23.838, Quadro RTX 8000, 00000000:2D:00.0, 460.39, P8, 36, 0 %, 0 %, 48576 MiB, 48054 MiB, 522 MiB
2021/04/13 03:34:23.839, Quadro RTX 8000, 00000000:15:00.0, 460.39, P8, 32, 0 %, 0 %, 48601 MiB, 48427 MiB, 174 MiB
2021/04/13 03:34:23.840, Quadro RTX 8000, 00000000:2D:00.0, 460.39, P8, 36, 0 %, 0 %, 48576 MiB, 48054 MiB, 522 MiB
2021/04/13 03:39:23.841, Quadro RTX 8000, 00000000:15:00.0, 460.39, P8, 32, 0 %, 0 %, 48601 MiB, 48427 MiB, 174 MiB
2021/04/13 03:39:23.842, Quadro RTX 8000, 00000000:2D:00.0, 460.39, P8, 36, 0 %, 0 %, 48576 MiB, 48054 MiB, 522 MiB
2021/04/13 03:44:23.842, Quadro RTX 8000, 00000000:15:00.0, 460.39, P8, 32, 0 %, 0 %, 48601 MiB, 48427 MiB, 174 MiB
2021/04/13 03:44:23.843, Quadro RTX 8000, 00000000:2D:00.0, 460.39, P8, 36, 0 %, 0 %, 48576 MiB, 48054 MiB, 522 MiB
2021/04/13 03:49:23.844, Quadro RTX 8000, 00000000:15:00.0, 460.39, P8, 32, 0 %, 0 %, 48601 MiB, 48427 MiB, 174 MiB
2021/04/13 03:49:23.845, Quadro RTX 8000, 00000000:2D:00.0, 460.39, P8, 36, 0 %, 0 %, 48576 MiB, 48054 MiB, 522 MiB
2021/04/13 03:54:23.846, Quadro RTX 8000, 00000000:15:00.0, 460.39, P8, 32, 0 %, 0 %, 48601 MiB, 48427 MiB, 174 MiB
2021/04/13 03:54:23.846, Quadro RTX 8000, 00000000:2D:00.0, 460.39, P8, 36, 0 %, 0 %, 48576 MiB, 48054 MiB, 522 MiB
2021/04/13 03:59:23.847, Quadro RTX 8000, 00000000:15:00.0, 460.39, P8, 32, 0 %, 0 %, 48601 MiB, 48427 MiB, 174 MiB
2021/04/13 03:59:23.848, Quadro RTX 8000, 00000000:2D:00.0, 460.39, P8, 36, 0 %, 0 %, 48576 MiB, 48054 MiB, 522 MiB
2021/04/13 04:04:23.849, Quadro RTX 8000, 00000000:15:00.0, 460.39, P8, 32, 0 %, 0 %, 48601 MiB, 48427 MiB, 174 MiB
2021/04/13 04:04:23.850, Quadro RTX 8000, 00000000:2D:00.0, 460.39, P8, 36, 0 %, 0 %, 48576 MiB, 48054 MiB, 522 MiB
2021/04/13 04:09:23.851, Quadro RTX 8000, 00000000:15:00.0, 460.39, P8, 32, 0 %, 0 %, 48601 MiB, 48427 MiB, 174 MiB
2021/04/13 04:09:23.852, Quadro RTX 8000, 00000000:2D:00.0, 460.39, P8, 36, 0 %, 0 %, 48576 MiB, 48054 MiB, 522 MiB
2021/04/13 04:14:23.853, Quadro RTX 8000, 00000000:15:00.0, 460.39, P8, 32, 0 %, 0 %, 48601 MiB, 48427 MiB, 174 MiB
2021/04/13 04:14:23.853, Quadro RTX 8000, 00000000:2D:00.0, 460.39, P8, 36, 0 %, 0 %, 48576 MiB, 48054 MiB, 522 MiB
2021/04/13 04:19:23.855, Quadro RTX 8000, 00000000:15:00.0, 460.39, P8, 32, 0 %, 0 %, 48601 MiB, 48427 MiB, 174 MiB
2021/04/13 04:19:23.855, Quadro RTX 8000, 00000000:2D:00.0, 460.39, P8, 36, 0 %, 0 %, 48576 MiB, 48054 MiB, 522 MiB
2021/04/13 04:24:23.857, Quadro RTX 8000, 00000000:15:00.0, 460.39, P8, 32, 0 %, 0 %, 48601 MiB, 48427 MiB, 174 MiB
2021/04/13 04:24:23.857, Quadro RTX 8000, 00000000:2D:00.0, 460.39, P8, 36, 0 %, 0 %, 48576 MiB, 48054 MiB, 522 MiB
2021/04/13 04:29:23.859, Quadro RTX 8000, 00000000:15:00.0, 460.39, P8, 31, 0 %, 0 %, 48601 MiB, 48427 MiB, 174 MiB
2021/04/13 04:29:23.860, Quadro RTX 8000, 00000000:2D:00.0, 460.39, P8, 36, 0 %, 0 %, 48576 MiB, 48054 MiB, 522 MiB
2021/04/13 04:34:23.861, Quadro RTX 8000, 00000000:15:00.0, 460.39, P8, 32, 0 %, 0 %, 48601 MiB, 48427 MiB, 174 MiB
2021/04/13 04:34:23.862, Quadro RTX 8000, 00000000:2D:00.0, 460.39, P8, 36, 0 %, 0 %, 48576 MiB, 48054 MiB, 522 MiB
2021/04/13 04:39:23.863, Quadro RTX 8000, 00000000:15:00.0, 460.39, P8, 32, 0 %, 0 %, 48601 MiB, 48427 MiB, 174 MiB
2021/04/13 04:39:23.864, Quadro RTX 8000, 00000000:2D:00.0, 460.39, P8, 36, 0 %, 0 %, 48576 MiB, 48054 MiB, 522 MiB
2021/04/13 04:44:23.865, Quadro RTX 8000, 00000000:15:00.0, 460.39, P8, 32, 0 %, 0 %, 48601 MiB, 48427 MiB, 174 MiB
2021/04/13 04:44:23.866, Quadro RTX 8000, 00000000:2D:00.0, 460.39, P8, 36, 0 %, 0 %, 48576 MiB, 48054 MiB, 522 MiB
2021/04/13 04:49:23.867, Quadro RTX 8000, 00000000:15:00.0, 460.39, P8, 32, 0 %, 0 %, 48601 MiB, 48427 MiB, 174 MiB
2021/04/13 04:49:23.868, Quadro RTX 8000, 00000000:2D:00.0, 460.39, P8, 36, 0 %, 0 %, 48576 MiB, 48054 MiB, 522 MiB
2021/04/13 04:54:23.869, Quadro RTX 8000, 00000000:15:00.0, 460.39, P8, 31, 0 %, 0 %, 48601 MiB, 48427 MiB, 174 MiB
2021/04/13 04:54:23.870, Quadro RTX 8000, 00000000:2D:00.0, 460.39, P8, 36, 0 %, 0 %, 48576 MiB, 48054 MiB, 522 MiB
2021/04/13 04:59:23.871, Quadro RTX 8000, 00000000:15:00.0, 460.39, P8, 32, 0 %, 0 %, 48601 MiB, 48427 MiB, 174 MiB
2021/04/13 04:59:23.871, Quadro RTX 8000, 00000000:2D:00.0, 460.39, P8, 36, 0 %, 0 %, 48576 MiB, 48054 MiB, 522 MiB
2021/04/13 05:04:23.872, Quadro RTX 8000, 00000000:15:00.0, 460.39, P8, 32, 0 %, 0 %, 48601 MiB, 48427 MiB, 174 MiB
2021/04/13 05:04:23.873, Quadro RTX 8000, 00000000:2D:00.0, 460.39, P8, 36, 0 %, 0 %, 48576 MiB, 48054 MiB, 522 MiB
2021/04/13 05:09:23.874, Quadro RTX 8000, 00000000:15:00.0, 460.39, P8, 32, 0 %, 0 %, 48601 MiB, 48427 MiB, 174 MiB
2021/04/13 05:09:23.875, Quadro RTX 8000, 00000000:2D:00.0, 460.39, P8, 36, 0 %, 0 %, 48576 MiB, 48054 MiB, 522 MiB
2021/04/13 05:14:23.876, Quadro RTX 8000, 00000000:15:00.0, 460.39, P8, 32, 0 %, 0 %, 48601 MiB, 48427 MiB, 174 MiB
2021/04/13 05:14:23.877, Quadro RTX 8000, 00000000:2D:00.0, 460.39, P8, 36, 0 %, 0 %, 48576 MiB, 48054 MiB, 522 MiB
2021/04/13 05:19:23.878, Quadro RTX 8000, 00000000:15:00.0, 460.39, P8, 31, 0 %, 0 %, 48601 MiB, 48427 MiB, 174 MiB
2021/04/13 05:19:23.879, Quadro RTX 8000, 00000000:2D:00.0, 460.39, P8, 36, 0 %, 0 %, 48576 MiB, 48054 MiB, 522 MiB
2021/04/13 05:24:23.880, Quadro RTX 8000, 00000000:15:00.0, 460.39, P8, 32, 0 %, 0 %, 48601 MiB, 48427 MiB, 174 MiB
2021/04/13 05:24:23.881, Quadro RTX 8000, 00000000:2D:00.0, 460.39, P8, 36, 0 %, 0 %, 48576 MiB, 48054 MiB, 522 MiB
2021/04/13 05:29:23.882, Quadro RTX 8000, 00000000:15:00.0, 460.39, P8, 32, 0 %, 0 %, 48601 MiB, 48427 MiB, 174 MiB
2021/04/13 05:29:23.882, Quadro RTX 8000, 00000000:2D:00.0, 460.39, P8, 36, 0 %, 0 %, 48576 MiB, 48054 MiB, 522 MiB
2021/04/13 05:34:23.883, Quadro RTX 8000, 00000000:15:00.0, 460.39, P8, 32, 0 %, 0 %, 48601 MiB, 48427 MiB, 174 MiB
2021/04/13 05:34:23.884, Quadro RTX 8000, 00000000:2D:00.0, 460.39, P8, 36, 0 %, 0 %, 48576 MiB, 48054 MiB, 522 MiB
2021/04/13 05:39:23.885, Quadro RTX 8000, 00000000:15:00.0, 460.39, P8, 32, 0 %, 0 %, 48601 MiB, 48427 MiB, 174 MiB
2021/04/13 05:39:23.886, Quadro RTX 8000, 00000000:2D:00.0, 460.39, P8, 36, 0 %, 0 %, 48576 MiB, 48054 MiB, 522 MiB
2021/04/13 05:44:23.887, Quadro RTX 8000, 00000000:15:00.0, 460.39, P8, 32, 0 %, 0 %, 48601 MiB, 48427 MiB, 174 MiB
2021/04/13 05:44:23.888, Quadro RTX 8000, 00000000:2D:00.0, 460.39, P8, 36, 0 %, 0 %, 48576 MiB, 48054 MiB, 522 MiB
2021/04/13 05:49:23.889, Quadro RTX 8000, 00000000:15:00.0, 460.39, P8, 31, 0 %, 0 %, 48601 MiB, 48427 MiB, 174 MiB
2021/04/13 05:49:23.889, Quadro RTX 8000, 00000000:2D:00.0, 460.39, P8, 36, 0 %, 0 %, 48576 MiB, 48054 MiB, 522 MiB
2021/04/13 05:54:23.890, Quadro RTX 8000, 00000000:15:00.0, 460.39, P8, 32, 0 %, 0 %, 48601 MiB, 48427 MiB, 174 MiB
2021/04/13 05:54:23.891, Quadro RTX 8000, 00000000:2D:00.0, 460.39, P8, 36, 0 %, 0 %, 48576 MiB, 48054 MiB, 522 MiB
2021/04/13 05:59:23.892, Quadro RTX 8000, 00000000:15:00.0, 460.39, P8, 32, 0 %, 0 %, 48601 MiB, 48427 MiB, 174 MiB
2021/04/13 05:59:23.892, Quadro RTX 8000, 00000000:2D:00.0, 460.39, P8, 36, 0 %, 0 %, 48576 MiB, 48054 MiB, 522 MiB
2021/04/13 06:04:23.893, Quadro RTX 8000, 00000000:15:00.0, 460.39, P8, 32, 0 %, 0 %, 48601 MiB, 48427 MiB, 174 MiB
2021/04/13 06:04:23.894, Quadro RTX 8000, 00000000:2D:00.0, 460.39, P8, 36, 0 %, 0 %, 48576 MiB, 48054 MiB, 522 MiB
2021/04/13 06:09:23.895, Quadro RTX 8000, 00000000:15:00.0, 460.39, P8, 32, 0 %, 0 %, 48601 MiB, 48427 MiB, 174 MiB
2021/04/13 06:09:23.895, Quadro RTX 8000, 00000000:2D:00.0, 460.39, P8, 36, 0 %, 0 %, 48576 MiB, 48054 MiB, 522 MiB
2021/04/13 06:14:23.897, Quadro RTX 8000, 00000000:15:00.0, 460.39, P8, 32, 0 %, 0 %, 48601 MiB, 48427 MiB, 174 MiB
2021/04/13 06:14:23.897, Quadro RTX 8000, 00000000:2D:00.0, 460.39, P8, 36, 0 %, 0 %, 48576 MiB, 48054 MiB, 522 MiB
2021/04/13 06:19:23.898, Quadro RTX 8000, 00000000:15:00.0, 460.39, P8, 32, 0 %, 0 %, 48601 MiB, 48427 MiB, 174 MiB
2021/04/13 06:19:23.899, Quadro RTX 8000, 00000000:2D:00.0, 460.39, P8, 36, 0 %, 0 %, 48576 MiB, 48054 MiB, 522 MiB
2021/04/13 06:24:23.900, Quadro RTX 8000, 00000000:15:00.0, 460.39, P8, 32, 0 %, 0 %, 48601 MiB, 48427 MiB, 174 MiB
2021/04/13 06:24:23.901, Quadro RTX 8000, 00000000:2D:00.0, 460.39, P8, 36, 0 %, 0 %, 48576 MiB, 48054 MiB, 522 MiB
2021/04/13 06:29:23.901, Quadro RTX 8000, 00000000:15:00.0, 460.39, P8, 32, 0 %, 0 %, 48601 MiB, 48427 MiB, 174 MiB
2021/04/13 06:29:23.902, Quadro RTX 8000, 00000000:2D:00.0, 460.39, P8, 36, 0 %, 0 %, 48576 MiB, 48054 MiB, 522 MiB
2021/04/13 06:34:23.903, Quadro RTX 8000, 00000000:15:00.0, 460.39, P8, 32, 0 %, 0 %, 48601 MiB, 48427 MiB, 174 MiB
2021/04/13 06:34:23.904, Quadro RTX 8000, 00000000:2D:00.0, 460.39, P8, 36, 0 %, 0 %, 48576 MiB, 48054 MiB, 522 MiB
2021/04/13 06:39:23.905, Quadro RTX 8000, 00000000:15:00.0, 460.39, P8, 32, 0 %, 0 %, 48601 MiB, 48427 MiB, 174 MiB
2021/04/13 06:39:23.906, Quadro RTX 8000, 00000000:2D:00.0, 460.39, P8, 36, 0 %, 0 %, 48576 MiB, 48054 MiB, 522 MiB
2021/04/13 06:44:23.907, Quadro RTX 8000, 00000000:15:00.0, 460.39, P8, 31, 0 %, 0 %, 48601 MiB, 48427 MiB, 174 MiB
2021/04/13 06:44:23.908, Quadro RTX 8000, 00000000:2D:00.0, 460.39, P8, 36, 0 %, 0 %, 48576 MiB, 48054 MiB, 522 MiB
2021/04/13 06:49:23.910, Quadro RTX 8000, 00000000:15:00.0, 460.39, P8, 32, 0 %, 0 %, 48601 MiB, 48427 MiB, 174 MiB
2021/04/13 06:49:23.910, Quadro RTX 8000, 00000000:2D:00.0, 460.39, P8, 36, 0 %, 0 %, 48576 MiB, 48054 MiB, 522 MiB
2021/04/13 06:54:23.911, Quadro RTX 8000, 00000000:15:00.0, 460.39, P8, 32, 0 %, 0 %, 48601 MiB, 48427 MiB, 174 MiB
2021/04/13 06:54:23.912, Quadro RTX 8000, 00000000:2D:00.0, 460.39, P8, 36, 0 %, 0 %, 48576 MiB, 48054 MiB, 522 MiB
2021/04/13 06:59:23.914, Quadro RTX 8000, 00000000:15:00.0, 460.39, P8, 32, 0 %, 0 %, 48601 MiB, 48427 MiB, 174 MiB
2021/04/13 06:59:23.914, Quadro RTX 8000, 00000000:2D:00.0, 460.39, P8, 36, 0 %, 0 %, 48576 MiB, 48054 MiB, 522 MiB
2021/04/13 07:04:23.915, Quadro RTX 8000, 00000000:15:00.0, 460.39, P8, 32, 0 %, 0 %, 48601 MiB, 48427 MiB, 174 MiB
2021/04/13 07:04:23.916, Quadro RTX 8000, 00000000:2D:00.0, 460.39, P8, 36, 0 %, 0 %, 48576 MiB, 48054 MiB, 522 MiB
2021/04/13 07:09:23.917, Quadro RTX 8000, 00000000:15:00.0, 460.39, P8, 32, 0 %, 0 %, 48601 MiB, 48427 MiB, 174 MiB
2021/04/13 07:09:23.917, Quadro RTX 8000, 00000000:2D:00.0, 460.39, P8, 37, 0 %, 0 %, 48576 MiB, 48054 MiB, 522 MiB
2021/04/13 07:14:23.918, Quadro RTX 8000, 00000000:15:00.0, 460.39, P8, 32, 0 %, 0 %, 48601 MiB, 48427 MiB, 174 MiB
2021/04/13 07:14:23.919, Quadro RTX 8000, 00000000:2D:00.0, 460.39, P8, 36, 0 %, 0 %, 48576 MiB, 48054 MiB, 522 MiB
2021/04/13 07:19:23.920, Quadro RTX 8000, 00000000:15:00.0, 460.39, P8, 32, 0 %, 0 %, 48601 MiB, 48427 MiB, 174 MiB
2021/04/13 07:19:23.920, Quadro RTX 8000, 00000000:2D:00.0, 460.39, P8, 37, 0 %, 0 %, 48576 MiB, 48054 MiB, 522 MiB
2021/04/13 07:24:23.922, Quadro RTX 8000, 00000000:15:00.0, 460.39, P8, 32, 0 %, 0 %, 48601 MiB, 48427 MiB, 174 MiB
2021/04/13 07:24:23.922, Quadro RTX 8000, 00000000:2D:00.0, 460.39, P8, 36, 0 %, 0 %, 48576 MiB, 48054 MiB, 522 MiB
2021/04/13 07:29:23.923, Quadro RTX 8000, 00000000:15:00.0, 460.39, P8, 32, 0 %, 0 %, 48601 MiB, 48427 MiB, 174 MiB
2021/04/13 07:29:23.923, Quadro RTX 8000, 00000000:2D:00.0, 460.39, P8, 36, 0 %, 0 %, 48576 MiB, 48054 MiB, 522 MiB
2021/04/13 07:34:23.925, Quadro RTX 8000, 00000000:15:00.0, 460.39, P8, 32, 0 %, 0 %, 48601 MiB, 48427 MiB, 174 MiB
2021/04/13 07:34:23.925, Quadro RTX 8000, 00000000:2D:00.0, 460.39, P8, 37, 0 %, 0 %, 48576 MiB, 48054 MiB, 522 MiB
2021/04/13 07:39:23.927, Quadro RTX 8000, 00000000:15:00.0, 460.39, P8, 32, 0 %, 0 %, 48601 MiB, 48427 MiB, 174 MiB
2021/04/13 07:39:23.927, Quadro RTX 8000, 00000000:2D:00.0, 460.39, P8, 37, 0 %, 0 %, 48576 MiB, 48053 MiB, 523 MiB
2021/04/13 07:44:23.928, Quadro RTX 8000, 00000000:15:00.0, 460.39, P8, 32, 0 %, 0 %, 48601 MiB, 48427 MiB, 174 MiB
2021/04/13 07:44:23.929, Quadro RTX 8000, 00000000:2D:00.0, 460.39, P8, 37, 0 %, 0 %, 48576 MiB, 48053 MiB, 523 MiB
2021/04/13 07:49:23.931, Quadro RTX 8000, 00000000:15:00.0, 460.39, P8, 32, 0 %, 0 %, 48601 MiB, 48427 MiB, 174 MiB
2021/04/13 07:49:23.931, Quadro RTX 8000, 00000000:2D:00.0, 460.39, P8, 37, 0 %, 0 %, 48576 MiB, 48054 MiB, 522 MiB
2021/04/13 07:54:23.933, Quadro RTX 8000, 00000000:15:00.0, 460.39, P8, 32, 0 %, 0 %, 48601 MiB, 48427 MiB, 174 MiB
2021/04/13 07:54:23.933, Quadro RTX 8000, 00000000:2D:00.0, 460.39, P8, 37, 0 %, 0 %, 48576 MiB, 48054 MiB, 522 MiB
2021/04/13 07:59:23.934, Quadro RTX 8000, 00000000:15:00.0, 460.39, P8, 32, 0 %, 0 %, 48601 MiB, 48427 MiB, 174 MiB
2021/04/13 07:59:23.935, Quadro RTX 8000, 00000000:2D:00.0, 460.39, P8, 37, 0 %, 0 %, 48576 MiB, 48054 MiB, 522 MiB
2021/04/13 08:04:23.936, Quadro RTX 8000, 00000000:15:00.0, 460.39, P8, 32, 0 %, 0 %, 48601 MiB, 48427 MiB, 174 MiB
2021/04/13 08:04:23.937, Quadro RTX 8000, 00000000:2D:00.0, 460.39, P8, 37, 0 %, 0 %, 48576 MiB, 48054 MiB, 522 MiB
2021/04/13 08:09:23.938, Quadro RTX 8000, 00000000:15:00.0, 460.39, P8, 32, 0 %, 0 %, 48601 MiB, 48427 MiB, 174 MiB
2021/04/13 08:09:23.939, Quadro RTX 8000, 00000000:2D:00.0, 460.39, P8, 37, 0 %, 0 %, 48576 MiB, 48054 MiB, 522 MiB
2021/04/13 08:14:23.940, Quadro RTX 8000, 00000000:15:00.0, 460.39, P8, 32, 0 %, 0 %, 48601 MiB, 48427 MiB, 174 MiB
2021/04/13 08:14:23.941, Quadro RTX 8000, 00000000:2D:00.0, 460.39, P8, 37, 0 %, 0 %, 48576 MiB, 48054 MiB, 522 MiB
2021/04/13 08:19:23.942, Quadro RTX 8000, 00000000:15:00.0, 460.39, P8, 32, 0 %, 0 %, 48601 MiB, 48427 MiB, 174 MiB
2021/04/13 08:19:23.943, Quadro RTX 8000, 00000000:2D:00.0, 460.39, P8, 37, 0 %, 0 %, 48576 MiB, 48054 MiB, 522 MiB
2021/04/13 08:24:23.944, Quadro RTX 8000, 00000000:15:00.0, 460.39, P8, 32, 0 %, 0 %, 48601 MiB, 48427 MiB, 174 MiB
2021/04/13 08:24:23.945, Quadro RTX 8000, 00000000:2D:00.0, 460.39, P8, 37, 0 %, 0 %, 48576 MiB, 48054 MiB, 522 MiB
2021/04/13 08:29:23.946, Quadro RTX 8000, 00000000:15:00.0, 460.39, P8, 32, 0 %, 0 %, 48601 MiB, 48427 MiB, 174 MiB
2021/04/13 08:29:23.947, Quadro RTX 8000, 00000000:2D:00.0, 460.39, P8, 37, 0 %, 0 %, 48576 MiB, 48053 MiB, 523 MiB
2021/04/13 08:34:23.948, Quadro RTX 8000, 00000000:15:00.0, 460.39, P8, 32, 0 %, 0 %, 48601 MiB, 48427 MiB, 174 MiB
2021/04/13 08:34:23.948, Quadro RTX 8000, 00000000:2D:00.0, 460.39, P8, 37, 0 %, 0 %, 48576 MiB, 48053 MiB, 523 MiB
2021/04/13 08:39:23.950, Quadro RTX 8000, 00000000:15:00.0, 460.39, P8, 32, 0 %, 0 %, 48601 MiB, 48427 MiB, 174 MiB
2021/04/13 08:39:23.951, Quadro RTX 8000, 00000000:2D:00.0, 460.39, P8, 37, 0 %, 0 %, 48576 MiB, 48054 MiB, 522 MiB
2021/04/13 08:44:23.952, Quadro RTX 8000, 00000000:15:00.0, 460.39, P8, 32, 0 %, 0 %, 48601 MiB, 48427 MiB, 174 MiB
2021/04/13 08:44:23.953, Quadro RTX 8000, 00000000:2D:00.0, 460.39, P8, 37, 0 %, 0 %, 48576 MiB, 48054 MiB, 522 MiB
2021/04/13 08:49:23.954, Quadro RTX 8000, 00000000:15:00.0, 460.39, P8, 32, 0 %, 0 %, 48601 MiB, 48427 MiB, 174 MiB
2021/04/13 08:49:23.955, Quadro RTX 8000, 00000000:2D:00.0, 460.39, P8, 37, 0 %, 0 %, 48576 MiB, 48054 MiB, 522 MiB
2021/04/13 08:54:23.956, Quadro RTX 8000, 00000000:15:00.0, 460.39, P8, 32, 0 %, 0 %, 48601 MiB, 48427 MiB, 174 MiB
2021/04/13 08:54:23.957, Quadro RTX 8000, 00000000:2D:00.0, 460.39, P8, 37, 0 %, 0 %, 48576 MiB, 48054 MiB, 522 MiB
2021/04/13 08:59:23.958, Quadro RTX 8000, 00000000:15:00.0, 460.39, P8, 32, 0 %, 0 %, 48601 MiB, 48427 MiB, 174 MiB
2021/04/13 08:59:23.959, Quadro RTX 8000, 00000000:2D:00.0, 460.39, P8, 37, 0 %, 0 %, 48576 MiB, 48054 MiB, 522 MiB
2021/04/13 09:04:23.960, Quadro RTX 8000, 00000000:15:00.0, 460.39, P8, 32, 0 %, 0 %, 48601 MiB, 48427 MiB, 174 MiB
2021/04/13 09:04:23.960, Quadro RTX 8000, 00000000:2D:00.0, 460.39, P8, 37, 0 %, 0 %, 48576 MiB, 48054 MiB, 522 MiB
2021/04/13 09:09:23.961, Quadro RTX 8000, 00000000:15:00.0, 460.39, P8, 32, 0 %, 0 %, 48601 MiB, 48427 MiB, 174 MiB
2021/04/13 09:09:23.962, Quadro RTX 8000, 00000000:2D:00.0, 460.39, P8, 37, 0 %, 0 %, 48576 MiB, 48054 MiB, 522 MiB
2021/04/13 09:14:23.963, Quadro RTX 8000, 00000000:15:00.0, 460.39, P8, 32, 0 %, 0 %, 48601 MiB, 48427 MiB, 174 MiB
2021/04/13 09:14:23.963, Quadro RTX 8000, 00000000:2D:00.0, 460.39, P8, 37, 0 %, 0 %, 48576 MiB, 48054 MiB, 522 MiB
2021/04/13 09:19:23.965, Quadro RTX 8000, 00000000:15:00.0, 460.39, P8, 32, 0 %, 0 %, 48601 MiB, 48427 MiB, 174 MiB
2021/04/13 09:19:23.966, Quadro RTX 8000, 00000000:2D:00.0, 460.39, P8, 37, 0 %, 0 %, 48576 MiB, 48054 MiB, 522 MiB
2021/04/13 09:24:23.967, Quadro RTX 8000, 00000000:15:00.0, 460.39, P8, 32, 0 %, 0 %, 48601 MiB, 48427 MiB, 174 MiB
2021/04/13 09:24:23.968, Quadro RTX 8000, 00000000:2D:00.0, 460.39, P8, 37, 0 %, 0 %, 48576 MiB, 48054 MiB, 522 MiB
2021/04/13 09:29:23.969, Quadro RTX 8000, 00000000:15:00.0, 460.39, P8, 32, 0 %, 0 %, 48601 MiB, 48427 MiB, 174 MiB
2021/04/13 09:29:23.970, Quadro RTX 8000, 00000000:2D:00.0, 460.39, P8, 37, 0 %, 0 %, 48576 MiB, 48054 MiB, 522 MiB
2021/04/13 09:34:23.971, Quadro RTX 8000, 00000000:15:00.0, 460.39, P8, 32, 0 %, 0 %, 48601 MiB, 48427 MiB, 174 MiB
2021/04/13 09:34:23.971, Quadro RTX 8000, 00000000:2D:00.0, 460.39, P8, 37, 0 %, 0 %, 48576 MiB, 48054 MiB, 522 MiB
2021/04/13 09:39:23.973, Quadro RTX 8000, 00000000:15:00.0, 460.39, P8, 32, 0 %, 0 %, 48601 MiB, 48427 MiB, 174 MiB
2021/04/13 09:39:23.973, Quadro RTX 8000, 00000000:2D:00.0, 460.39, P8, 37, 0 %, 0 %, 48576 MiB, 48054 MiB, 522 MiB
2021/04/13 09:44:23.975, Quadro RTX 8000, 00000000:15:00.0, 460.39, P8, 32, 0 %, 0 %, 48601 MiB, 48427 MiB, 174 MiB
2021/04/13 09:44:23.975, Quadro RTX 8000, 00000000:2D:00.0, 460.39, P8, 37, 0 %, 0 %, 48576 MiB, 48054 MiB, 522 MiB
2021/04/13 09:49:23.976, Quadro RTX 8000, 00000000:15:00.0, 460.39, P8, 32, 0 %, 0 %, 48601 MiB, 48427 MiB, 174 MiB
2021/04/13 09:49:23.977, Quadro RTX 8000, 00000000:2D:00.0, 460.39, P8, 37, 0 %, 0 %, 48576 MiB, 48054 MiB, 522 MiB
2021/04/13 09:54:23.978, Quadro RTX 8000, 00000000:15:00.0, 460.39, P8, 32, 0 %, 0 %, 48601 MiB, 48427 MiB, 174 MiB
2021/04/13 09:54:23.979, Quadro RTX 8000, 00000000:2D:00.0, 460.39, P8, 37, 0 %, 0 %, 48576 MiB, 48054 MiB, 522 MiB
2021/04/13 09:59:23.980, Quadro RTX 8000, 00000000:15:00.0, 460.39, P8, 32, 0 %, 0 %, 48601 MiB, 48427 MiB, 174 MiB
2021/04/13 09:59:23.980, Quadro RTX 8000, 00000000:2D:00.0, 460.39, P8, 37, 0 %, 0 %, 48576 MiB, 48054 MiB, 522 MiB
2021/04/13 10:04:23.982, Quadro RTX 8000, 00000000:15:00.0, 460.39, P8, 32, 0 %, 0 %, 48601 MiB, 48427 MiB, 174 MiB
2021/04/13 10:04:23.982, Quadro RTX 8000, 00000000:2D:00.0, 460.39, P8, 37, 0 %, 0 %, 48576 MiB, 48054 MiB, 522 MiB
2021/04/13 10:09:23.984, Quadro RTX 8000, 00000000:15:00.0, 460.39, P8, 32, 0 %, 0 %, 48601 MiB, 48427 MiB, 174 MiB
2021/04/13 10:09:23.985, Quadro RTX 8000, 00000000:2D:00.0, 460.39, P8, 37, 0 %, 0 %, 48576 MiB, 48054 MiB, 522 MiB
2021/04/13 10:14:23.986, Quadro RTX 8000, 00000000:15:00.0, 460.39, P8, 32, 0 %, 0 %, 48601 MiB, 48427 MiB, 174 MiB
2021/04/13 10:14:23.986, Quadro RTX 8000, 00000000:2D:00.0, 460.39, P8, 37, 0 %, 0 %, 48576 MiB, 48054 MiB, 522 MiB
2021/04/13 10:19:23.987, Quadro RTX 8000, 00000000:15:00.0, 460.39, P8, 32, 0 %, 0 %, 48601 MiB, 48427 MiB, 174 MiB
2021/04/13 10:19:23.988, Quadro RTX 8000, 00000000:2D:00.0, 460.39, P8, 37, 0 %, 0 %, 48576 MiB, 48054 MiB, 522 MiB
2021/04/13 10:24:23.989, Quadro RTX 8000, 00000000:15:00.0, 460.39, P8, 32, 0 %, 0 %, 48601 MiB, 48427 MiB, 174 MiB
2021/04/13 10:24:23.989, Quadro RTX 8000, 00000000:2D:00.0, 460.39, P8, 37, 0 %, 0 %, 48576 MiB, 48054 MiB, 522 MiB
2021/04/13 10:29:23.991, Quadro RTX 8000, 00000000:15:00.0, 460.39, P8, 32, 0 %, 0 %, 48601 MiB, 48427 MiB, 174 MiB
2021/04/13 10:29:23.992, Quadro RTX 8000, 00000000:2D:00.0, 460.39, P8, 37, 0 %, 0 %, 48576 MiB, 48054 MiB, 522 MiB
2021/04/13 10:34:23.993, Quadro RTX 8000, 00000000:15:00.0, 460.39, P8, 32, 0 %, 0 %, 48601 MiB, 48427 MiB, 174 MiB
2021/04/13 10:34:23.993, Quadro RTX 8000, 00000000:2D:00.0, 460.39, P8, 37, 0 %, 0 %, 48576 MiB, 48054 MiB, 522 MiB
2021/04/13 10:39:23.995, Quadro RTX 8000, 00000000:15:00.0, 460.39, P8, 32, 0 %, 0 %, 48601 MiB, 48427 MiB, 174 MiB
2021/04/13 10:39:23.996, Quadro RTX 8000, 00000000:2D:00.0, 460.39, P8, 37, 0 %, 0 %, 48576 MiB, 48054 MiB, 522 MiB
2021/04/13 10:44:23.997, Quadro RTX 8000, 00000000:15:00.0, 460.39, P8, 32, 0 %, 0 %, 48601 MiB, 48427 MiB, 174 MiB
2021/04/13 10:44:23.997, Quadro RTX 8000, 00000000:2D:00.0, 460.39, P8, 37, 0 %, 0 %, 48576 MiB, 48053 MiB, 523 MiB
2021/04/13 10:49:23.998, Quadro RTX 8000, 00000000:15:00.0, 460.39, P8, 32, 0 %, 0 %, 48601 MiB, 48427 MiB, 174 MiB
2021/04/13 10:49:23.999, Quadro RTX 8000, 00000000:2D:00.0, 460.39, P8, 37, 0 %, 0 %, 48576 MiB, 48053 MiB, 523 MiB
2021/04/13 10:54:24.001, Quadro RTX 8000, 00000000:15:00.0, 460.39, P8, 32, 0 %, 0 %, 48601 MiB, 48427 MiB, 174 MiB
2021/04/13 10:54:24.001, Quadro RTX 8000, 00000000:2D:00.0, 460.39, P8, 37, 0 %, 0 %, 48576 MiB, 48054 MiB, 522 MiB
2021/04/13 10:59:24.002, Quadro RTX 8000, 00000000:15:00.0, 460.39, P8, 32, 0 %, 0 %, 48601 MiB, 48427 MiB, 174 MiB
2021/04/13 10:59:24.003, Quadro RTX 8000, 00000000:2D:00.0, 460.39, P8, 37, 0 %, 0 %, 48576 MiB, 48054 MiB, 522 MiB
2021/04/13 11:04:24.004, Quadro RTX 8000, 00000000:15:00.0, 460.39, P8, 32, 0 %, 0 %, 48601 MiB, 48427 MiB, 174 MiB
2021/04/13 11:04:24.005, Quadro RTX 8000, 00000000:2D:00.0, 460.39, P8, 37, 0 %, 0 %, 48576 MiB, 48054 MiB, 522 MiB
2021/04/13 11:09:24.006, Quadro RTX 8000, 00000000:15:00.0, 460.39, P8, 32, 0 %, 0 %, 48601 MiB, 48427 MiB, 174 MiB
2021/04/13 11:09:24.007, Quadro RTX 8000, 00000000:2D:00.0, 460.39, P8, 37, 0 %, 0 %, 48576 MiB, 48054 MiB, 522 MiB
2021/04/13 11:14:24.008, Quadro RTX 8000, 00000000:15:00.0, 460.39, P8, 32, 0 %, 0 %, 48601 MiB, 48427 MiB, 174 MiB
2021/04/13 11:14:24.009, Quadro RTX 8000, 00000000:2D:00.0, 460.39, P8, 37, 0 %, 0 %, 48576 MiB, 48054 MiB, 522 MiB
2021/04/13 11:19:24.010, Quadro RTX 8000, 00000000:15:00.0, 460.39, P8, 32, 0 %, 0 %, 48601 MiB, 48427 MiB, 174 MiB
2021/04/13 11:19:24.010, Quadro RTX 8000, 00000000:2D:00.0, 460.39, P8, 37, 0 %, 0 %, 48576 MiB, 48054 MiB, 522 MiB
2021/04/13 11:24:24.011, Quadro RTX 8000, 00000000:15:00.0, 460.39, P8, 32, 0 %, 0 %, 48601 MiB, 48427 MiB, 174 MiB
2021/04/13 11:24:24.012, Quadro RTX 8000, 00000000:2D:00.0, 460.39, P8, 37, 0 %, 0 %, 48576 MiB, 48054 MiB, 522 MiB
2021/04/13 11:29:24.013, Quadro RTX 8000, 00000000:15:00.0, 460.39, P8, 32, 0 %, 0 %, 48601 MiB, 48427 MiB, 174 MiB
2021/04/13 11:29:24.014, Quadro RTX 8000, 00000000:2D:00.0, 460.39, P8, 37, 0 %, 0 %, 48576 MiB, 48054 MiB, 522 MiB
2021/04/13 11:34:24.015, Quadro RTX 8000, 00000000:15:00.0, 460.39, P8, 32, 0 %, 0 %, 48601 MiB, 48427 MiB, 174 MiB
2021/04/13 11:34:24.016, Quadro RTX 8000, 00000000:2D:00.0, 460.39, P8, 37, 0 %, 0 %, 48576 MiB, 48054 MiB, 522 MiB
2021/04/13 11:39:24.017, Quadro RTX 8000, 00000000:15:00.0, 460.39, P8, 32, 0 %, 0 %, 48601 MiB, 48427 MiB, 174 MiB
2021/04/13 11:39:24.018, Quadro RTX 8000, 00000000:2D:00.0, 460.39, P8, 37, 0 %, 0 %, 48576 MiB, 48054 MiB, 522 MiB
2021/04/13 11:44:24.019, Quadro RTX 8000, 00000000:15:00.0, 460.39, P8, 32, 0 %, 0 %, 48601 MiB, 48427 MiB, 174 MiB
2021/04/13 11:44:24.020, Quadro RTX 8000, 00000000:2D:00.0, 460.39, P8, 37, 0 %, 0 %, 48576 MiB, 48054 MiB, 522 MiB
2021/04/13 11:49:24.021, Quadro RTX 8000, 00000000:15:00.0, 460.39, P8, 32, 0 %, 0 %, 48601 MiB, 48427 MiB, 174 MiB
2021/04/13 11:49:24.022, Quadro RTX 8000, 00000000:2D:00.0, 460.39, P8, 37, 0 %, 0 %, 48576 MiB, 48054 MiB, 522 MiB
2021/04/13 11:54:24.023, Quadro RTX 8000, 00000000:15:00.0, 460.39, P8, 32, 0 %, 0 %, 48601 MiB, 48427 MiB, 174 MiB
2021/04/13 11:54:24.023, Quadro RTX 8000, 00000000:2D:00.0, 460.39, P8, 37, 0 %, 0 %, 48576 MiB, 48054 MiB, 522 MiB
2021/04/13 11:59:24.024, Quadro RTX 8000, 00000000:15:00.0, 460.39, P8, 32, 0 %, 0 %, 48601 MiB, 48427 MiB, 174 MiB
2021/04/13 11:59:24.025, Quadro RTX 8000, 00000000:2D:00.0, 460.39, P8, 37, 0 %, 0 %, 48576 MiB, 48054 MiB, 522 MiB
2021/04/13 12:04:24.026, Quadro RTX 8000, 00000000:15:00.0, 460.39, P8, 32, 0 %, 0 %, 48601 MiB, 48427 MiB, 174 MiB
2021/04/13 12:04:24.026, Quadro RTX 8000, 00000000:2D:00.0, 460.39, P8, 37, 0 %, 0 %, 48576 MiB, 48054 MiB, 522 MiB
2021/04/13 12:09:24.027, Quadro RTX 8000, 00000000:15:00.0, 460.39, P8, 32, 0 %, 0 %, 48601 MiB, 48427 MiB, 174 MiB
2021/04/13 12:09:24.028, Quadro RTX 8000, 00000000:2D:00.0, 460.39, P8, 37, 0 %, 0 %, 48576 MiB, 48054 MiB, 522 MiB
2021/04/13 12:14:24.029, Quadro RTX 8000, 00000000:15:00.0, 460.39, P8, 32, 0 %, 0 %, 48601 MiB, 48427 MiB, 174 MiB
2021/04/13 12:14:24.030, Quadro RTX 8000, 00000000:2D:00.0, 460.39, P8, 37, 0 %, 0 %, 48576 MiB, 48054 MiB, 522 MiB
2021/04/13 12:19:24.031, Quadro RTX 8000, 00000000:15:00.0, 460.39, P8, 32, 0 %, 0 %, 48601 MiB, 48427 MiB, 174 MiB
2021/04/13 12:19:24.031, Quadro RTX 8000, 00000000:2D:00.0, 460.39, P8, 37, 0 %, 0 %, 48576 MiB, 48054 MiB, 522 MiB
2021/04/13 12:24:24.033, Quadro RTX 8000, 00000000:15:00.0, 460.39, P8, 32, 0 %, 0 %, 48601 MiB, 48427 MiB, 174 MiB
2021/04/13 12:24:24.033, Quadro RTX 8000, 00000000:2D:00.0, 460.39, P8, 37, 0 %, 0 %, 48576 MiB, 48054 MiB, 522 MiB
2021/04/13 12:29:24.034, Quadro RTX 8000, 00000000:15:00.0, 460.39, P8, 32, 0 %, 0 %, 48601 MiB, 48427 MiB, 174 MiB
2021/04/13 12:29:24.035, Quadro RTX 8000, 00000000:2D:00.0, 460.39, P8, 37, 0 %, 0 %, 48576 MiB, 48054 MiB, 522 MiB
2021/04/13 12:34:24.036, Quadro RTX 8000, 00000000:15:00.0, 460.39, P8, 32, 0 %, 0 %, 48601 MiB, 48427 MiB, 174 MiB
2021/04/13 12:34:24.037, Quadro RTX 8000, 00000000:2D:00.0, 460.39, P8, 37, 0 %, 0 %, 48576 MiB, 48054 MiB, 522 MiB
2021/04/13 12:39:24.038, Quadro RTX 8000, 00000000:15:00.0, 460.39, P8, 32, 0 %, 0 %, 48601 MiB, 48427 MiB, 174 MiB
2021/04/13 12:39:24.039, Quadro RTX 8000, 00000000:2D:00.0, 460.39, P8, 37, 0 %, 0 %, 48576 MiB, 48054 MiB, 522 MiB
2021/04/13 12:44:24.039, Quadro RTX 8000, 00000000:15:00.0, 460.39, P8, 32, 0 %, 0 %, 48601 MiB, 48427 MiB, 174 MiB
2021/04/13 12:44:24.040, Quadro RTX 8000, 00000000:2D:00.0, 460.39, P8, 37, 0 %, 0 %, 48576 MiB, 48054 MiB, 522 MiB
2021/04/13 12:49:24.042, Quadro RTX 8000, 00000000:15:00.0, 460.39, P8, 32, 0 %, 0 %, 48601 MiB, 48427 MiB, 174 MiB
2021/04/13 12:49:24.042, Quadro RTX 8000, 00000000:2D:00.0, 460.39, P8, 37, 0 %, 0 %, 48576 MiB, 48054 MiB, 522 MiB
2021/04/13 12:54:24.043, Quadro RTX 8000, 00000000:15:00.0, 460.39, P8, 32, 0 %, 0 %, 48601 MiB, 48427 MiB, 174 MiB
2021/04/13 12:54:24.044, Quadro RTX 8000, 00000000:2D:00.0, 460.39, P8, 37, 0 %, 0 %, 48576 MiB, 48054 MiB, 522 MiB
2021/04/13 12:59:24.046, Quadro RTX 8000, 00000000:15:00.0, 460.39, P8, 32, 0 %, 0 %, 48601 MiB, 48427 MiB, 174 MiB
2021/04/13 12:59:24.046, Quadro RTX 8000, 00000000:2D:00.0, 460.39, P8, 37, 0 %, 0 %, 48576 MiB, 48054 MiB, 522 MiB
2021/04/13 13:04:24.047, Quadro RTX 8000, 00000000:15:00.0, 460.39, P8, 32, 0 %, 0 %, 48601 MiB, 48427 MiB, 174 MiB
2021/04/13 13:04:24.048, Quadro RTX 8000, 00000000:2D:00.0, 460.39, P8, 37, 0 %, 0 %, 48576 MiB, 48054 MiB, 522 MiB
2021/04/13 13:09:24.049, Quadro RTX 8000, 00000000:15:00.0, 460.39, P8, 32, 0 %, 0 %, 48601 MiB, 48427 MiB, 174 MiB
2021/04/13 13:09:24.050, Quadro RTX 8000, 00000000:2D:00.0, 460.39, P8, 37, 0 %, 0 %, 48576 MiB, 48054 MiB, 522 MiB
2021/04/13 13:14:24.051, Quadro RTX 8000, 00000000:15:00.0, 460.39, P8, 32, 0 %, 0 %, 48601 MiB, 48427 MiB, 174 MiB
2021/04/13 13:14:24.052, Quadro RTX 8000, 00000000:2D:00.0, 460.39, P8, 37, 0 %, 0 %, 48576 MiB, 48054 MiB, 522 MiB
2021/04/13 13:19:24.053, Quadro RTX 8000, 00000000:15:00.0, 460.39, P8, 32, 0 %, 0 %, 48601 MiB, 48427 MiB, 174 MiB
2021/04/13 13:19:24.054, Quadro RTX 8000, 00000000:2D:00.0, 460.39, P8, 37, 0 %, 0 %, 48576 MiB, 48054 MiB, 522 MiB
2021/04/13 13:24:24.056, Quadro RTX 8000, 00000000:15:00.0, 460.39, P8, 32, 0 %, 0 %, 48601 MiB, 48427 MiB, 174 MiB
2021/04/13 13:24:24.056, Quadro RTX 8000, 00000000:2D:00.0, 460.39, P8, 37, 0 %, 0 %, 48576 MiB, 48054 MiB, 522 MiB
2021/04/13 13:29:24.057, Quadro RTX 8000, 00000000:15:00.0, 460.39, P8, 32, 0 %, 0 %, 48601 MiB, 48427 MiB, 174 MiB
2021/04/13 13:29:24.057, Quadro RTX 8000, 00000000:2D:00.0, 460.39, P8, 37, 0 %, 0 %, 48576 MiB, 48054 MiB, 522 MiB
2021/04/13 13:34:24.059, Quadro RTX 8000, 00000000:15:00.0, 460.39, P8, 32, 0 %, 0 %, 48601 MiB, 48427 MiB, 174 MiB
2021/04/13 13:34:24.059, Quadro RTX 8000, 00000000:2D:00.0, 460.39, P8, 37, 0 %, 0 %, 48576 MiB, 48054 MiB, 522 MiB
2021/04/13 13:39:24.061, Quadro RTX 8000, 00000000:15:00.0, 460.39, P8, 32, 0 %, 0 %, 48601 MiB, 48427 MiB, 174 MiB
2021/04/13 13:39:24.061, Quadro RTX 8000, 00000000:2D:00.0, 460.39, P8, 37, 0 %, 0 %, 48576 MiB, 48054 MiB, 522 MiB
2021/04/13 13:44:24.062, Quadro RTX 8000, 00000000:15:00.0, 460.39, P8, 32, 0 %, 0 %, 48601 MiB, 48427 MiB, 174 MiB
2021/04/13 13:44:24.063, Quadro RTX 8000, 00000000:2D:00.0, 460.39, P8, 37, 0 %, 0 %, 48576 MiB, 48054 MiB, 522 MiB
2021/04/13 13:49:24.064, Quadro RTX 8000, 00000000:15:00.0, 460.39, P8, 32, 0 %, 0 %, 48601 MiB, 48427 MiB, 174 MiB
2021/04/13 13:49:24.065, Quadro RTX 8000, 00000000:2D:00.0, 460.39, P8, 37, 0 %, 0 %, 48576 MiB, 48054 MiB, 522 MiB
2021/04/13 13:54:24.065, Quadro RTX 8000, 00000000:15:00.0, 460.39, P8, 32, 0 %, 0 %, 48601 MiB, 48427 MiB, 174 MiB
2021/04/13 13:54:24.066, Quadro RTX 8000, 00000000:2D:00.0, 460.39, P8, 37, 0 %, 0 %, 48576 MiB, 48054 MiB, 522 MiB
2021/04/13 13:59:24.067, Quadro RTX 8000, 00000000:15:00.0, 460.39, P8, 33, 0 %, 0 %, 48601 MiB, 48427 MiB, 174 MiB
2021/04/13 13:59:24.068, Quadro RTX 8000, 00000000:2D:00.0, 460.39, P8, 37, 0 %, 0 %, 48576 MiB, 48054 MiB, 522 MiB
2021/04/13 14:04:24.069, Quadro RTX 8000, 00000000:15:00.0, 460.39, P8, 33, 0 %, 0 %, 48601 MiB, 48427 MiB, 174 MiB
2021/04/13 14:04:24.070, Quadro RTX 8000, 00000000:2D:00.0, 460.39, P8, 37, 0 %, 0 %, 48576 MiB, 48054 MiB, 522 MiB
2021/04/13 14:09:24.071, Quadro RTX 8000, 00000000:15:00.0, 460.39, P8, 33, 0 %, 0 %, 48601 MiB, 48427 MiB, 174 MiB
2021/04/13 14:09:24.072, Quadro RTX 8000, 00000000:2D:00.0, 460.39, P8, 37, 0 %, 0 %, 48576 MiB, 48054 MiB, 522 MiB
2021/04/13 14:14:24.073, Quadro RTX 8000, 00000000:15:00.0, 460.39, P8, 33, 0 %, 0 %, 48601 MiB, 48427 MiB, 174 MiB
2021/04/13 14:14:24.074, Quadro RTX 8000, 00000000:2D:00.0, 460.39, P8, 37, 0 %, 0 %, 48576 MiB, 48054 MiB, 522 MiB
2021/04/13 14:19:24.075, Quadro RTX 8000, 00000000:15:00.0, 460.39, P8, 32, 0 %, 0 %, 48601 MiB, 48427 MiB, 174 MiB
2021/04/13 14:19:24.076, Quadro RTX 8000, 00000000:2D:00.0, 460.39, P8, 37, 0 %, 0 %, 48576 MiB, 48054 MiB, 522 MiB
2021/04/13 14:24:24.076, Quadro RTX 8000, 00000000:15:00.0, 460.39, P8, 33, 0 %, 0 %, 48601 MiB, 48427 MiB, 174 MiB
2021/04/13 14:24:24.077, Quadro RTX 8000, 00000000:2D:00.0, 460.39, P8, 37, 0 %, 0 %, 48576 MiB, 48053 MiB, 523 MiB
2021/04/13 14:29:24.078, Quadro RTX 8000, 00000000:15:00.0, 460.39, P8, 33, 0 %, 0 %, 48601 MiB, 48427 MiB, 174 MiB
2021/04/13 14:29:24.078, Quadro RTX 8000, 00000000:2D:00.0, 460.39, P8, 37, 0 %, 0 %, 48576 MiB, 48053 MiB, 523 MiB
2021/04/13 14:34:24.079, Quadro RTX 8000, 00000000:15:00.0, 460.39, P8, 32, 0 %, 0 %, 48601 MiB, 48427 MiB, 174 MiB
2021/04/13 14:34:24.080, Quadro RTX 8000, 00000000:2D:00.0, 460.39, P8, 37, 0 %, 0 %, 48576 MiB, 48054 MiB, 522 MiB
2021/04/13 14:39:24.081, Quadro RTX 8000, 00000000:15:00.0, 460.39, P8, 33, 0 %, 0 %, 48601 MiB, 48427 MiB, 174 MiB
2021/04/13 14:39:24.081, Quadro RTX 8000, 00000000:2D:00.0, 460.39, P8, 37, 0 %, 0 %, 48576 MiB, 48054 MiB, 522 MiB
2021/04/13 14:44:24.083, Quadro RTX 8000, 00000000:15:00.0, 460.39, P8, 33, 0 %, 0 %, 48601 MiB, 48427 MiB, 174 MiB
2021/04/13 14:44:24.083, Quadro RTX 8000, 00000000:2D:00.0, 460.39, P8, 37, 0 %, 0 %, 48576 MiB, 48054 MiB, 522 MiB
2021/04/13 14:49:24.084, Quadro RTX 8000, 00000000:15:00.0, 460.39, P8, 33, 0 %, 0 %, 48601 MiB, 48427 MiB, 174 MiB
2021/04/13 14:49:24.085, Quadro RTX 8000, 00000000:2D:00.0, 460.39, P8, 37, 0 %, 0 %, 48576 MiB, 48054 MiB, 522 MiB
2021/04/13 14:54:24.086, Quadro RTX 8000, 00000000:15:00.0, 460.39, P8, 33, 0 %, 0 %, 48601 MiB, 48427 MiB, 174 MiB
2021/04/13 14:54:24.086, Quadro RTX 8000, 00000000:2D:00.0, 460.39, P8, 37, 0 %, 0 %, 48576 MiB, 48054 MiB, 522 MiB
2021/04/13 14:59:24.087, Quadro RTX 8000, 00000000:15:00.0, 460.39, P8, 33, 0 %, 0 %, 48601 MiB, 48427 MiB, 174 MiB
2021/04/13 14:59:24.088, Quadro RTX 8000, 00000000:2D:00.0, 460.39, P8, 37, 0 %, 0 %, 48576 MiB, 48054 MiB, 522 MiB
2021/04/13 15:04:24.089, Quadro RTX 8000, 00000000:15:00.0, 460.39, P8, 33, 0 %, 0 %, 48601 MiB, 48427 MiB, 174 MiB
2021/04/13 15:04:24.090, Quadro RTX 8000, 00000000:2D:00.0, 460.39, P8, 38, 0 %, 0 %, 48576 MiB, 48054 MiB, 522 MiB
2021/04/13 15:09:24.091, Quadro RTX 8000, 00000000:15:00.0, 460.39, P8, 33, 0 %, 0 %, 48601 MiB, 48427 MiB, 174 MiB
2021/04/13 15:09:24.091, Quadro RTX 8000, 00000000:2D:00.0, 460.39, P8, 38, 0 %, 0 %, 48576 MiB, 48054 MiB, 522 MiB
2021/04/13 15:14:24.093, Quadro RTX 8000, 00000000:15:00.0, 460.39, P8, 33, 0 %, 0 %, 48601 MiB, 48427 MiB, 174 MiB
2021/04/13 15:14:24.093, Quadro RTX 8000, 00000000:2D:00.0, 460.39, P8, 37, 0 %, 0 %, 48576 MiB, 48054 MiB, 522 MiB
2021/04/13 15:19:24.095, Quadro RTX 8000, 00000000:15:00.0, 460.39, P8, 33, 0 %, 0 %, 48601 MiB, 48427 MiB, 174 MiB
2021/04/13 15:19:24.095, Quadro RTX 8000, 00000000:2D:00.0, 460.39, P8, 37, 0 %, 0 %, 48576 MiB, 48054 MiB, 522 MiB
2021/04/13 15:24:24.096, Quadro RTX 8000, 00000000:15:00.0, 460.39, P8, 33, 0 %, 0 %, 48601 MiB, 48427 MiB, 174 MiB
2021/04/13 15:24:24.097, Quadro RTX 8000, 00000000:2D:00.0, 460.39, P8, 37, 0 %, 0 %, 48576 MiB, 48054 MiB, 522 MiB
2021/04/13 15:29:24.099, Quadro RTX 8000, 00000000:15:00.0, 460.39, P8, 33, 0 %, 0 %, 48601 MiB, 48427 MiB, 174 MiB
2021/04/13 15:29:24.099, Quadro RTX 8000, 00000000:2D:00.0, 460.39, P8, 37, 0 %, 0 %, 48576 MiB, 48054 MiB, 522 MiB
2021/04/13 15:34:24.101, Quadro RTX 8000, 00000000:15:00.0, 460.39, P8, 33, 0 %, 0 %, 48601 MiB, 48427 MiB, 174 MiB
2021/04/13 15:34:24.101, Quadro RTX 8000, 00000000:2D:00.0, 460.39, P8, 37, 0 %, 0 %, 48576 MiB, 48054 MiB, 522 MiB
2021/04/13 15:39:24.103, Quadro RTX 8000, 00000000:15:00.0, 460.39, P8, 33, 0 %, 0 %, 48601 MiB, 48427 MiB, 174 MiB
2021/04/13 15:39:24.103, Quadro RTX 8000, 00000000:2D:00.0, 460.39, P8, 37, 0 %, 0 %, 48576 MiB, 48054 MiB, 522 MiB
2021/04/13 15:44:24.105, Quadro RTX 8000, 00000000:15:00.0, 460.39, P8, 33, 0 %, 0 %, 48601 MiB, 48427 MiB, 174 MiB
2021/04/13 15:44:24.106, Quadro RTX 8000, 00000000:2D:00.0, 460.39, P8, 38, 0 %, 0 %, 48576 MiB, 48054 MiB, 522 MiB
2021/04/13 15:49:24.107, Quadro RTX 8000, 00000000:15:00.0, 460.39, P8, 33, 0 %, 0 %, 48601 MiB, 48427 MiB, 174 MiB
2021/04/13 15:49:24.108, Quadro RTX 8000, 00000000:2D:00.0, 460.39, P8, 38, 0 %, 0 %, 48576 MiB, 48054 MiB, 522 MiB
2021/04/13 15:54:24.109, Quadro RTX 8000, 00000000:15:00.0, 460.39, P8, 33, 0 %, 0 %, 48601 MiB, 48427 MiB, 174 MiB
2021/04/13 15:54:24.110, Quadro RTX 8000, 00000000:2D:00.0, 460.39, P8, 38, 0 %, 0 %, 48576 MiB, 48054 MiB, 522 MiB
2021/04/13 15:59:24.111, Quadro RTX 8000, 00000000:15:00.0, 460.39, P8, 33, 0 %, 0 %, 48601 MiB, 48427 MiB, 174 MiB
2021/04/13 15:59:24.112, Quadro RTX 8000, 00000000:2D:00.0, 460.39, P8, 37, 0 %, 0 %, 48576 MiB, 48054 MiB, 522 MiB
2021/04/13 16:04:24.113, Quadro RTX 8000, 00000000:15:00.0, 460.39, P8, 33, 0 %, 0 %, 48601 MiB, 48427 MiB, 174 MiB
2021/04/13 16:04:24.114, Quadro RTX 8000, 00000000:2D:00.0, 460.39, P8, 38, 0 %, 0 %, 48576 MiB, 48054 MiB, 522 MiB
2021/04/13 16:09:24.115, Quadro RTX 8000, 00000000:15:00.0, 460.39, P8, 33, 0 %, 0 %, 48601 MiB, 48427 MiB, 174 MiB
2021/04/13 16:09:24.115, Quadro RTX 8000, 00000000:2D:00.0, 460.39, P8, 37, 0 %, 0 %, 48576 MiB, 48054 MiB, 522 MiB
2021/04/13 16:14:24.117, Quadro RTX 8000, 00000000:15:00.0, 460.39, P8, 33, 0 %, 0 %, 48601 MiB, 48427 MiB, 174 MiB
2021/04/13 16:14:24.118, Quadro RTX 8000, 00000000:2D:00.0, 460.39, P8, 38, 0 %, 0 %, 48576 MiB, 48054 MiB, 522 MiB
2021/04/13 16:19:24.119, Quadro RTX 8000, 00000000:15:00.0, 460.39, P8, 33, 0 %, 0 %, 48601 MiB, 48427 MiB, 174 MiB
2021/04/13 16:19:24.120, Quadro RTX 8000, 00000000:2D:00.0, 460.39, P8, 37, 0 %, 0 %, 48576 MiB, 48054 MiB, 522 MiB
2021/04/13 16:24:24.121, Quadro RTX 8000, 00000000:15:00.0, 460.39, P8, 33, 0 %, 0 %, 48601 MiB, 48427 MiB, 174 MiB
2021/04/13 16:24:24.122, Quadro RTX 8000, 00000000:2D:00.0, 460.39, P8, 38, 0 %, 0 %, 48576 MiB, 48054 MiB, 522 MiB
2021/04/13 16:29:24.123, Quadro RTX 8000, 00000000:15:00.0, 460.39, P8, 33, 0 %, 0 %, 48601 MiB, 48427 MiB, 174 MiB
2021/04/13 16:29:24.124, Quadro RTX 8000, 00000000:2D:00.0, 460.39, P8, 37, 0 %, 0 %, 48576 MiB, 48054 MiB, 522 MiB
2021/04/13 16:34:24.126, Quadro RTX 8000, 00000000:15:00.0, 460.39, P8, 33, 0 %, 0 %, 48601 MiB, 48427 MiB, 174 MiB
2021/04/13 16:34:24.126, Quadro RTX 8000, 00000000:2D:00.0, 460.39, P8, 38, 0 %, 0 %, 48576 MiB, 48054 MiB, 522 MiB
2021/04/13 16:39:24.127, Quadro RTX 8000, 00000000:15:00.0, 460.39, P8, 33, 0 %, 0 %, 48601 MiB, 48427 MiB, 174 MiB
2021/04/13 16:39:24.128, Quadro RTX 8000, 00000000:2D:00.0, 460.39, P8, 38, 0 %, 0 %, 48576 MiB, 48054 MiB, 522 MiB
2021/04/13 16:44:24.129, Quadro RTX 8000, 00000000:15:00.0, 460.39, P8, 33, 0 %, 0 %, 48601 MiB, 48427 MiB, 174 MiB
2021/04/13 16:44:24.130, Quadro RTX 8000, 00000000:2D:00.0, 460.39, P8, 38, 0 %, 0 %, 48576 MiB, 48054 MiB, 522 MiB
2021/04/13 16:49:24.132, Quadro RTX 8000, 00000000:15:00.0, 460.39, P8, 33, 0 %, 0 %, 48601 MiB, 48427 MiB, 174 MiB
2021/04/13 16:49:24.133, Quadro RTX 8000, 00000000:2D:00.0, 460.39, P8, 38, 0 %, 0 %, 48576 MiB, 48054 MiB, 522 MiB
2021/04/13 16:54:24.133, Quadro RTX 8000, 00000000:15:00.0, 460.39, P8, 33, 0 %, 0 %, 48601 MiB, 48427 MiB, 174 MiB
2021/04/13 16:54:24.134, Quadro RTX 8000, 00000000:2D:00.0, 460.39, P8, 38, 0 %, 0 %, 48576 MiB, 48054 MiB, 522 MiB
2021/04/13 16:59:24.135, Quadro RTX 8000, 00000000:15:00.0, 460.39, P8, 33, 0 %, 0 %, 48601 MiB, 48427 MiB, 174 MiB
2021/04/13 16:59:24.136, Quadro RTX 8000, 00000000:2D:00.0, 460.39, P8, 37, 0 %, 0 %, 48576 MiB, 48054 MiB, 522 MiB
2021/04/13 17:04:24.137, Quadro RTX 8000, 00000000:15:00.0, 460.39, P8, 33, 0 %, 0 %, 48601 MiB, 48427 MiB, 174 MiB
2021/04/13 17:04:24.138, Quadro RTX 8000, 00000000:2D:00.0, 460.39, P8, 37, 0 %, 0 %, 48576 MiB, 48054 MiB, 522 MiB
2021/04/13 17:09:24.138, Quadro RTX 8000, 00000000:15:00.0, 460.39, P8, 33, 0 %, 0 %, 48601 MiB, 48427 MiB, 174 MiB
2021/04/13 17:09:24.139, Quadro RTX 8000, 00000000:2D:00.0, 460.39, P8, 38, 0 %, 0 %, 48576 MiB, 48054 MiB, 522 MiB
2021/04/13 17:14:24.140, Quadro RTX 8000, 00000000:15:00.0, 460.39, P8, 33, 0 %, 0 %, 48601 MiB, 48427 MiB, 174 MiB
2021/04/13 17:14:24.141, Quadro RTX 8000, 00000000:2D:00.0, 460.39, P8, 38, 0 %, 0 %, 48576 MiB, 48054 MiB, 522 MiB
2021/04/13 17:19:24.142, Quadro RTX 8000, 00000000:15:00.0, 460.39, P8, 33, 0 %, 0 %, 48601 MiB, 48427 MiB, 174 MiB
2021/04/13 17:19:24.142, Quadro RTX 8000, 00000000:2D:00.0, 460.39, P8, 38, 0 %, 0 %, 48576 MiB, 48054 MiB, 522 MiB
2021/04/13 17:24:24.143, Quadro RTX 8000, 00000000:15:00.0, 460.39, P8, 33, 0 %, 0 %, 48601 MiB, 48427 MiB, 174 MiB
2021/04/13 17:24:24.144, Quadro RTX 8000, 00000000:2D:00.0, 460.39, P8, 38, 0 %, 0 %, 48576 MiB, 48054 MiB, 522 MiB
2021/04/13 17:29:24.145, Quadro RTX 8000, 00000000:15:00.0, 460.39, P8, 33, 0 %, 0 %, 48601 MiB, 48427 MiB, 174 MiB
2021/04/13 17:29:24.146, Quadro RTX 8000, 00000000:2D:00.0, 460.39, P8, 38, 0 %, 0 %, 48576 MiB, 48054 MiB, 522 MiB
2021/04/13 17:34:24.147, Quadro RTX 8000, 00000000:15:00.0, 460.39, P8, 33, 0 %, 0 %, 48601 MiB, 48427 MiB, 174 MiB
2021/04/13 17:34:24.148, Quadro RTX 8000, 00000000:2D:00.0, 460.39, P8, 38, 0 %, 0 %, 48576 MiB, 48053 MiB, 523 MiB
2021/04/13 17:39:24.149, Quadro RTX 8000, 00000000:15:00.0, 460.39, P8, 33, 0 %, 0 %, 48601 MiB, 48427 MiB, 174 MiB
2021/04/13 17:39:24.149, Quadro RTX 8000, 00000000:2D:00.0, 460.39, P8, 38, 0 %, 0 %, 48576 MiB, 48053 MiB, 523 MiB
2021/04/13 17:44:24.150, Quadro RTX 8000, 00000000:15:00.0, 460.39, P8, 33, 0 %, 0 %, 48601 MiB, 48427 MiB, 174 MiB
2021/04/13 17:44:24.151, Quadro RTX 8000, 00000000:2D:00.0, 460.39, P8, 38, 0 %, 0 %, 48576 MiB, 48054 MiB, 522 MiB
2021/04/13 17:49:24.152, Quadro RTX 8000, 00000000:15:00.0, 460.39, P8, 33, 0 %, 0 %, 48601 MiB, 48427 MiB, 174 MiB
2021/04/13 17:49:24.153, Quadro RTX 8000, 00000000:2D:00.0, 460.39, P8, 38, 0 %, 0 %, 48576 MiB, 48054 MiB, 522 MiB
2021/04/13 17:54:24.154, Quadro RTX 8000, 00000000:15:00.0, 460.39, P8, 33, 0 %, 0 %, 48601 MiB, 48427 MiB, 174 MiB
2021/04/13 17:54:24.155, Quadro RTX 8000, 00000000:2D:00.0, 460.39, P8, 38, 0 %, 0 %, 48576 MiB, 48054 MiB, 522 MiB
2021/04/13 17:59:24.156, Quadro RTX 8000, 00000000:15:00.0, 460.39, P8, 33, 0 %, 0 %, 48601 MiB, 48427 MiB, 174 MiB
2021/04/13 17:59:24.156, Quadro RTX 8000, 00000000:2D:00.0, 460.39, P8, 38, 0 %, 0 %, 48576 MiB, 48053 MiB, 523 MiB
2021/04/13 18:04:24.157, Quadro RTX 8000, 00000000:15:00.0, 460.39, P8, 33, 0 %, 0 %, 48601 MiB, 48427 MiB, 174 MiB
2021/04/13 18:04:24.158, Quadro RTX 8000, 00000000:2D:00.0, 460.39, P8, 38, 0 %, 0 %, 48576 MiB, 48053 MiB, 523 MiB
2021/04/13 18:09:24.159, Quadro RTX 8000, 00000000:15:00.0, 460.39, P8, 33, 0 %, 0 %, 48601 MiB, 48427 MiB, 174 MiB
2021/04/13 18:09:24.160, Quadro RTX 8000, 00000000:2D:00.0, 460.39, P8, 38, 0 %, 0 %, 48576 MiB, 48053 MiB, 523 MiB
2021/04/13 18:14:24.160, Quadro RTX 8000, 00000000:15:00.0, 460.39, P8, 33, 0 %, 0 %, 48601 MiB, 48427 MiB, 174 MiB
2021/04/13 18:14:24.161, Quadro RTX 8000, 00000000:2D:00.0, 460.39, P8, 38, 0 %, 0 %, 48576 MiB, 48054 MiB, 522 MiB
2021/04/13 18:19:24.162, Quadro RTX 8000, 00000000:15:00.0, 460.39, P8, 33, 0 %, 0 %, 48601 MiB, 48427 MiB, 174 MiB
2021/04/13 18:19:24.163, Quadro RTX 8000, 00000000:2D:00.0, 460.39, P8, 38, 0 %, 0 %, 48576 MiB, 48054 MiB, 522 MiB
2021/04/13 18:24:24.164, Quadro RTX 8000, 00000000:15:00.0, 460.39, P8, 33, 0 %, 0 %, 48601 MiB, 48427 MiB, 174 MiB
2021/04/13 18:24:24.164, Quadro RTX 8000, 00000000:2D:00.0, 460.39, P8, 38, 0 %, 0 %, 48576 MiB, 48054 MiB, 522 MiB
2021/04/13 18:29:24.165, Quadro RTX 8000, 00000000:15:00.0, 460.39, P8, 33, 0 %, 0 %, 48601 MiB, 48427 MiB, 174 MiB
2021/04/13 18:29:24.166, Quadro RTX 8000, 00000000:2D:00.0, 460.39, P8, 38, 0 %, 0 %, 48576 MiB, 48054 MiB, 522 MiB
2021/04/13 18:34:24.167, Quadro RTX 8000, 00000000:15:00.0, 460.39, P8, 33, 0 %, 0 %, 48601 MiB, 48427 MiB, 174 MiB
2021/04/13 18:34:24.168, Quadro RTX 8000, 00000000:2D:00.0, 460.39, P8, 38, 0 %, 0 %, 48576 MiB, 48054 MiB, 522 MiB
2021/04/13 18:39:24.169, Quadro RTX 8000, 00000000:15:00.0, 460.39, P8, 33, 0 %, 0 %, 48601 MiB, 48427 MiB, 174 MiB
2021/04/13 18:39:24.170, Quadro RTX 8000, 00000000:2D:00.0, 460.39, P8, 38, 0 %, 0 %, 48576 MiB, 48054 MiB, 522 MiB
2021/04/13 18:44:24.171, Quadro RTX 8000, 00000000:15:00.0, 460.39, P8, 33, 0 %, 0 %, 48601 MiB, 48427 MiB, 174 MiB
2021/04/13 18:44:24.171, Quadro RTX 8000, 00000000:2D:00.0, 460.39, P8, 38, 0 %, 0 %, 48576 MiB, 48054 MiB, 522 MiB
2021/04/13 18:49:24.173, Quadro RTX 8000, 00000000:15:00.0, 460.39, P8, 33, 0 %, 0 %, 48601 MiB, 48427 MiB, 174 MiB
2021/04/13 18:49:24.173, Quadro RTX 8000, 00000000:2D:00.0, 460.39, P8, 38, 0 %, 0 %, 48576 MiB, 48053 MiB, 523 MiB
2021/04/13 18:54:24.174, Quadro RTX 8000, 00000000:15:00.0, 460.39, P8, 33, 0 %, 0 %, 48601 MiB, 48427 MiB, 174 MiB
2021/04/13 18:54:24.175, Quadro RTX 8000, 00000000:2D:00.0, 460.39, P8, 38, 0 %, 0 %, 48576 MiB, 48053 MiB, 523 MiB
2021/04/13 18:59:24.176, Quadro RTX 8000, 00000000:15:00.0, 460.39, P8, 33, 0 %, 0 %, 48601 MiB, 48427 MiB, 174 MiB
2021/04/13 18:59:24.176, Quadro RTX 8000, 00000000:2D:00.0, 460.39, P8, 38, 0 %, 0 %, 48576 MiB, 48053 MiB, 523 MiB
2021/04/13 19:04:24.177, Quadro RTX 8000, 00000000:15:00.0, 460.39, P8, 33, 0 %, 0 %, 48601 MiB, 48427 MiB, 174 MiB
2021/04/13 19:04:24.178, Quadro RTX 8000, 00000000:2D:00.0, 460.39, P8, 38, 0 %, 0 %, 48576 MiB, 48054 MiB, 522 MiB
2021/04/13 19:09:24.179, Quadro RTX 8000, 00000000:15:00.0, 460.39, P8, 33, 0 %, 0 %, 48601 MiB, 48427 MiB, 174 MiB
2021/04/13 19:09:24.180, Quadro RTX 8000, 00000000:2D:00.0, 460.39, P8, 38, 0 %, 0 %, 48576 MiB, 48054 MiB, 522 MiB
2021/04/13 19:14:24.181, Quadro RTX 8000, 00000000:15:00.0, 460.39, P8, 33, 0 %, 0 %, 48601 MiB, 48427 MiB, 174 MiB
2021/04/13 19:14:24.183, Quadro RTX 8000, 00000000:2D:00.0, 460.39, P8, 38, 0 %, 0 %, 48576 MiB, 48054 MiB, 522 MiB
2021/04/13 19:19:24.184, Quadro RTX 8000, 00000000:15:00.0, 460.39, P8, 33, 0 %, 0 %, 48601 MiB, 48427 MiB, 174 MiB
2021/04/13 19:19:24.185, Quadro RTX 8000, 00000000:2D:00.0, 460.39, P8, 38, 0 %, 0 %, 48576 MiB, 48054 MiB, 522 MiB
2021/04/13 19:24:24.187, Quadro RTX 8000, 00000000:15:00.0, 460.39, P8, 33, 0 %, 0 %, 48601 MiB, 48427 MiB, 174 MiB
2021/04/13 19:24:24.187, Quadro RTX 8000, 00000000:2D:00.0, 460.39, P8, 38, 0 %, 0 %, 48576 MiB, 48054 MiB, 522 MiB
2021/04/13 19:29:24.189, Quadro RTX 8000, 00000000:15:00.0, 460.39, P8, 33, 0 %, 0 %, 48601 MiB, 48427 MiB, 174 MiB
2021/04/13 19:29:24.190, Quadro RTX 8000, 00000000:2D:00.0, 460.39, P8, 38, 0 %, 0 %, 48576 MiB, 48054 MiB, 522 MiB
2021/04/13 19:34:24.191, Quadro RTX 8000, 00000000:15:00.0, 460.39, P8, 33, 0 %, 0 %, 48601 MiB, 48427 MiB, 174 MiB
2021/04/13 19:34:24.191, Quadro RTX 8000, 00000000:2D:00.0, 460.39, P8, 38, 0 %, 0 %, 48576 MiB, 48054 MiB, 522 MiB
2021/04/13 19:39:24.193, Quadro RTX 8000, 00000000:15:00.0, 460.39, P8, 33, 0 %, 0 %, 48601 MiB, 48427 MiB, 174 MiB
2021/04/13 19:39:24.193, Quadro RTX 8000, 00000000:2D:00.0, 460.39, P8, 38, 0 %, 0 %, 48576 MiB, 48054 MiB, 522 MiB
2021/04/13 19:44:24.194, Quadro RTX 8000, 00000000:15:00.0, 460.39, P8, 33, 0 %, 0 %, 48601 MiB, 48427 MiB, 174 MiB
2021/04/13 19:44:24.195, Quadro RTX 8000, 00000000:2D:00.0, 460.39, P8, 38, 0 %, 0 %, 48576 MiB, 48054 MiB, 522 MiB
2021/04/13 19:49:24.196, Quadro RTX 8000, 00000000:15:00.0, 460.39, P8, 33, 0 %, 0 %, 48601 MiB, 48427 MiB, 174 MiB
2021/04/13 19:49:24.197, Quadro RTX 8000, 00000000:2D:00.0, 460.39, P8, 38, 0 %, 0 %, 48576 MiB, 48054 MiB, 522 MiB
2021/04/13 19:54:24.198, Quadro RTX 8000, 00000000:15:00.0, 460.39, P8, 33, 0 %, 0 %, 48601 MiB, 48427 MiB, 174 MiB
2021/04/13 19:54:24.198, Quadro RTX 8000, 00000000:2D:00.0, 460.39, P8, 38, 0 %, 0 %, 48576 MiB, 48054 MiB, 522 MiB
2021/04/13 19:59:24.200, Quadro RTX 8000, 00000000:15:00.0, 460.39, P8, 33, 0 %, 0 %, 48601 MiB, 48427 MiB, 174 MiB
2021/04/13 19:59:24.201, Quadro RTX 8000, 00000000:2D:00.0, 460.39, P8, 38, 0 %, 0 %, 48576 MiB, 48054 MiB, 522 MiB
2021/04/13 20:04:24.202, Quadro RTX 8000, 00000000:15:00.0, 460.39, P8, 33, 0 %, 0 %, 48601 MiB, 48427 MiB, 174 MiB
2021/04/13 20:04:24.202, Quadro RTX 8000, 00000000:2D:00.0, 460.39, P8, 38, 0 %, 0 %, 48576 MiB, 48054 MiB, 522 MiB
2021/04/13 20:09:24.204, Quadro RTX 8000, 00000000:15:00.0, 460.39, P8, 33, 0 %, 0 %, 48601 MiB, 48427 MiB, 174 MiB
2021/04/13 20:09:24.205, Quadro RTX 8000, 00000000:2D:00.0, 460.39, P8, 38, 0 %, 0 %, 48576 MiB, 48054 MiB, 522 MiB
2021/04/13 20:14:24.205, Quadro RTX 8000, 00000000:15:00.0, 460.39, P8, 33, 0 %, 0 %, 48601 MiB, 48427 MiB, 174 MiB
2021/04/13 20:14:24.206, Quadro RTX 8000, 00000000:2D:00.0, 460.39, P8, 38, 0 %, 0 %, 48576 MiB, 48054 MiB, 522 MiB
2021/04/13 20:19:24.207, Quadro RTX 8000, 00000000:15:00.0, 460.39, P8, 33, 0 %, 0 %, 48601 MiB, 48427 MiB, 174 MiB
2021/04/13 20:19:24.208, Quadro RTX 8000, 00000000:2D:00.0, 460.39, P8, 38, 0 %, 0 %, 48576 MiB, 48054 MiB, 522 MiB
2021/04/13 20:24:24.209, Quadro RTX 8000, 00000000:15:00.0, 460.39, P8, 33, 0 %, 0 %, 48601 MiB, 48427 MiB, 174 MiB
2021/04/13 20:24:24.209, Quadro RTX 8000, 00000000:2D:00.0, 460.39, P8, 38, 0 %, 0 %, 48576 MiB, 48054 MiB, 522 MiB
2021/04/13 20:29:24.210, Quadro RTX 8000, 00000000:15:00.0, 460.39, P8, 33, 0 %, 0 %, 48601 MiB, 48427 MiB, 174 MiB
2021/04/13 20:29:24.211, Quadro RTX 8000, 00000000:2D:00.0, 460.39, P8, 38, 0 %, 0 %, 48576 MiB, 48054 MiB, 522 MiB
2021/04/13 20:34:24.212, Quadro RTX 8000, 00000000:15:00.0, 460.39, P8, 33, 0 %, 0 %, 48601 MiB, 48427 MiB, 174 MiB
2021/04/13 20:34:24.213, Quadro RTX 8000, 00000000:2D:00.0, 460.39, P8, 38, 0 %, 0 %, 48576 MiB, 48054 MiB, 522 MiB
2021/04/13 20:39:24.214, Quadro RTX 8000, 00000000:15:00.0, 460.39, P8, 33, 0 %, 0 %, 48601 MiB, 48427 MiB, 174 MiB
2021/04/13 20:39:24.215, Quadro RTX 8000, 00000000:2D:00.0, 460.39, P8, 38, 0 %, 0 %, 48576 MiB, 48054 MiB, 522 MiB
2021/04/13 20:44:24.216, Quadro RTX 8000, 00000000:15:00.0, 460.39, P8, 33, 0 %, 0 %, 48601 MiB, 48427 MiB, 174 MiB
2021/04/13 20:44:24.217, Quadro RTX 8000, 00000000:2D:00.0, 460.39, P8, 38, 0 %, 0 %, 48576 MiB, 48054 MiB, 522 MiB
2021/04/13 20:49:24.218, Quadro RTX 8000, 00000000:15:00.0, 460.39, P8, 33, 0 %, 0 %, 48601 MiB, 48427 MiB, 174 MiB
2021/04/13 20:49:24.219, Quadro RTX 8000, 00000000:2D:00.0, 460.39, P8, 38, 0 %, 0 %, 48576 MiB, 48054 MiB, 522 MiB
2021/04/13 20:54:24.220, Quadro RTX 8000, 00000000:15:00.0, 460.39, P8, 33, 0 %, 0 %, 48601 MiB, 48427 MiB, 174 MiB
2021/04/13 20:54:24.221, Quadro RTX 8000, 00000000:2D:00.0, 460.39, P8, 38, 0 %, 0 %, 48576 MiB, 48054 MiB, 522 MiB
2021/04/13 20:59:24.222, Quadro RTX 8000, 00000000:15:00.0, 460.39, P8, 33, 0 %, 0 %, 48601 MiB, 48427 MiB, 174 MiB
2021/04/13 20:59:24.223, Quadro RTX 8000, 00000000:2D:00.0, 460.39, P8, 38, 0 %, 0 %, 48576 MiB, 48054 MiB, 522 MiB
2021/04/13 21:04:24.224, Quadro RTX 8000, 00000000:15:00.0, 460.39, P8, 33, 0 %, 0 %, 48601 MiB, 48427 MiB, 174 MiB
2021/04/13 21:04:24.225, Quadro RTX 8000, 00000000:2D:00.0, 460.39, P8, 38, 0 %, 0 %, 48576 MiB, 48054 MiB, 522 MiB
2021/04/13 21:09:24.226, Quadro RTX 8000, 00000000:15:00.0, 460.39, P8, 33, 0 %, 0 %, 48601 MiB, 48427 MiB, 174 MiB
2021/04/13 21:09:24.227, Quadro RTX 8000, 00000000:2D:00.0, 460.39, P8, 38, 0 %, 0 %, 48576 MiB, 48054 MiB, 522 MiB
2021/04/13 21:14:24.228, Quadro RTX 8000, 00000000:15:00.0, 460.39, P8, 33, 0 %, 0 %, 48601 MiB, 48427 MiB, 174 MiB
2021/04/13 21:14:24.229, Quadro RTX 8000, 00000000:2D:00.0, 460.39, P8, 38, 0 %, 0 %, 48576 MiB, 48054 MiB, 522 MiB
2021/04/13 21:19:24.230, Quadro RTX 8000, 00000000:15:00.0, 460.39, P8, 33, 0 %, 0 %, 48601 MiB, 48427 MiB, 174 MiB
2021/04/13 21:19:24.230, Quadro RTX 8000, 00000000:2D:00.0, 460.39, P8, 38, 0 %, 0 %, 48576 MiB, 48054 MiB, 522 MiB
2021/04/13 21:24:24.232, Quadro RTX 8000, 00000000:15:00.0, 460.39, P8, 33, 0 %, 0 %, 48601 MiB, 48427 MiB, 174 MiB
2021/04/13 21:24:24.233, Quadro RTX 8000, 00000000:2D:00.0, 460.39, P8, 38, 0 %, 0 %, 48576 MiB, 48054 MiB, 522 MiB
2021/04/13 21:29:24.234, Quadro RTX 8000, 00000000:15:00.0, 460.39, P8, 33, 0 %, 0 %, 48601 MiB, 48427 MiB, 174 MiB
2021/04/13 21:29:24.235, Quadro RTX 8000, 00000000:2D:00.0, 460.39, P8, 38, 0 %, 0 %, 48576 MiB, 48054 MiB, 522 MiB
2021/04/13 21:34:24.236, Quadro RTX 8000, 00000000:15:00.0, 460.39, P8, 33, 0 %, 0 %, 48601 MiB, 48427 MiB, 174 MiB
2021/04/13 21:34:24.237, Quadro RTX 8000, 00000000:2D:00.0, 460.39, P8, 38, 0 %, 0 %, 48576 MiB, 48054 MiB, 522 MiB
2021/04/13 21:39:24.238, Quadro RTX 8000, 00000000:15:00.0, 460.39, P8, 33, 0 %, 0 %, 48601 MiB, 48427 MiB, 174 MiB
2021/04/13 21:39:24.239, Quadro RTX 8000, 00000000:2D:00.0, 460.39, P8, 38, 0 %, 0 %, 48576 MiB, 48054 MiB, 522 MiB
2021/04/13 21:44:24.241, Quadro RTX 8000, 00000000:15:00.0, 460.39, P8, 33, 0 %, 0 %, 48601 MiB, 48427 MiB, 174 MiB
2021/04/13 21:44:24.241, Quadro RTX 8000, 00000000:2D:00.0, 460.39, P8, 38, 0 %, 0 %, 48576 MiB, 48054 MiB, 522 MiB
2021/04/13 21:49:24.243, Quadro RTX 8000, 00000000:15:00.0, 460.39, P8, 33, 0 %, 0 %, 48601 MiB, 48427 MiB, 174 MiB
2021/04/13 21:49:24.243, Quadro RTX 8000, 00000000:2D:00.0, 460.39, P8, 38, 0 %, 0 %, 48576 MiB, 48054 MiB, 522 MiB
2021/04/13 21:54:24.244, Quadro RTX 8000, 00000000:15:00.0, 460.39, P8, 33, 0 %, 0 %, 48601 MiB, 48427 MiB, 174 MiB
2021/04/13 21:54:24.245, Quadro RTX 8000, 00000000:2D:00.0, 460.39, P8, 38, 0 %, 0 %, 48576 MiB, 48054 MiB, 522 MiB
2021/04/13 21:59:24.245, Quadro RTX 8000, 00000000:15:00.0, 460.39, P8, 33, 0 %, 0 %, 48601 MiB, 48427 MiB, 174 MiB
2021/04/13 21:59:24.246, Quadro RTX 8000, 00000000:2D:00.0, 460.39, P8, 38, 0 %, 0 %, 48576 MiB, 48054 MiB, 522 MiB
2021/04/13 22:04:24.247, Quadro RTX 8000, 00000000:15:00.0, 460.39, P8, 33, 0 %, 0 %, 48601 MiB, 48427 MiB, 174 MiB
2021/04/13 22:04:24.248, Quadro RTX 8000, 00000000:2D:00.0, 460.39, P8, 38, 0 %, 0 %, 48576 MiB, 48053 MiB, 523 MiB
2021/04/13 22:09:24.249, Quadro RTX 8000, 00000000:15:00.0, 460.39, P8, 33, 0 %, 0 %, 48601 MiB, 48427 MiB, 174 MiB
2021/04/13 22:09:24.250, Quadro RTX 8000, 00000000:2D:00.0, 460.39, P8, 38, 0 %, 0 %, 48576 MiB, 48053 MiB, 523 MiB
2021/04/13 22:14:24.251, Quadro RTX 8000, 00000000:15:00.0, 460.39, P8, 33, 0 %, 0 %, 48601 MiB, 48427 MiB, 174 MiB
2021/04/13 22:14:24.252, Quadro RTX 8000, 00000000:2D:00.0, 460.39, P8, 38, 0 %, 0 %, 48576 MiB, 48054 MiB, 522 MiB
2021/04/13 22:19:24.253, Quadro RTX 8000, 00000000:15:00.0, 460.39, P8, 33, 0 %, 0 %, 48601 MiB, 48427 MiB, 174 MiB
2021/04/13 22:19:24.253, Quadro RTX 8000, 00000000:2D:00.0, 460.39, P8, 38, 0 %, 0 %, 48576 MiB, 48054 MiB, 522 MiB